PDB	MTS	DDG
P29957	Q82C_A123C	1.87
P09850	V126C_A180C	-7.525
P09850	S128C_N176C	1.67
P00094	K35E_K53E	-0.8
P02417	F5V_K12M	-2.035
P0A434	H254R_H257L	-2.89
P00004	H27V_H34F	-2.15
P00004	H27V_N53I	-1.86
P00004	P31A_Y68F	-2.585
P60568	L38M_L39S	0.0
P03034	V37L_M41L_V48I	0.2
P03034	V37F_M41F_V48I_L66F	-1.7
P03034	G47A_G49A	-0.37
P03034	A21G_G47A_G49A	0.87
P03034	A64G_G47A_G49A	1.49
P03034	G47A_G49A_P79A	0.2
P03034	A50G_G47A_G49A	1.25
P03034	V37L_M41V_V48I	-1.1
P03034	V37I_M41V_V48L	-0.9
P03034	A16G_G47A_G49A	-0.55
P03034	V37F_M41F_V48I	-2.2
P03034	V37F_M41F_V48F	-3.05
P03034	Y89C_G47A_G49A	4.2
P03034	A82G_G47A_G49A	0.77
P03034	A67G_G47A_G49A	0.07
P03034	V37F_M41L	-1.4
P03034	M41V_V48L	-1.1
P03034	A38G_G47A_G49A	0.62
P03034	V37I_M41V_V48I	-0.8
P0A910	Y76A_W78A	-4.2
P0A910	Y189A_F191A	-1.2
P0A910	F144A_Y162A_W164A	-6.8
P0A910	W28A_Y64A	-6.4
P0A910	F144A_Y162A	-5.3
P0A910	Y162A_W164A	-5.7
P0A910	F144A_W164A	-3.9
P00044	T102A_C108T	-2.225
P00044	N58I_C108A	6.2
P00044	N58G_C108A	0.9
P00044	T75E_C108T	0.76
P00044	N58A_C108A	3.9
P00044	F88Y_L91A	-2.9
P00044	G35S_N58I	-1.5
P00044	R19C_C108T	4.21
P00044	H32N_H39N_H45Q_C108S	-1.05
P00044	H39P_N58I	-0.8
P00044	R19C_D96C_C108T	0.91
P00044	T75E_T102A_C108T	-2.47
P00044	G12A_N58I	-0.635
P00044	D96C_C108T	0.91
P00044	G12S_N58I	-0.31
P01236	H55A_H58A_H208A	3.26
P01236	H58A_H201A	2.615
P01236	H55A_H208A	2.315
P01236	H55A_H58A	2.44
P01236	H201A_H208A	0.65
P01236	H58A_H208A	2.03
P01236	H58A_H201A_H208A	2.425
P03069	S262A_H266A_N269R	1.23
P03069	S262A_H266E_N269A	0.76
P03069	S262R_H266E_N269R	1.72
P03069	K263A_E268Q	0.82
P03069	E259Q_K263A	-0.14
P03069	H266R_N269E	0.22
P03069	E259Q_E268Q_E270Q	-2.37
P03069	S262R_H266A_N269A	1.07
P03069	E270Q_K275A	-2.8
P03069	S262A_H266A_N269A	1.07
P03069	S262R_H266A_N269R	1.15
P03069	S262R_H266E_N269A	1.64
P03069	S262A_H266E_N269R	1.15
P03069	K256A_E259Q	-0.57
P03069	E268Q_E270Q	-1.72
P00099	F29A_V35M_F56Y_E65Y	3.76
P00099	Q59R_E65Y	0.5
P00099	F56Y_Q59R_E65Y	2.0
P00099	F29A_V35M	-1.0
P00099	F56Y_E65Y_V100I	2.95
P00099	F56Y_Q59R	1.5
P00099	F29A_V35M_V100I	2.29
P00099	F29A_V35M_F56Y_E65Y_V100I	5.32
P00099	F56Y_E65Y	-1.21
