PDB	WT	POS	MT	DDG	CVFOLD
P03050	Q	9	G	0.22	2
P03050	R	13	G	0.27	2
P03050	R	16	G	-0.64	2
P03050	E	17	G	-0.57	2
P03050	L	19	Q	-0.90	2
P03050	D	20	G	-1.35	2
P03050	R	23	G	-1.04	2
P03050	K	24	G	-1.23	2
P03050	K	24	T	-0.60	2
P03050	E	27	G	-0.43	2
P03050	E	28	G	-0.84	2
P03050	N	34	G	0.23	2
P03050	S	35	G	-0.24	2
P03050	Q	39	G	-0.65	2
P03050	K	46	G	-0.73	2
P03050	K	47	G	-0.57	2
P03050	E	48	G	-1.14	2
P96110	R	191	A	-0.36	2
P96110	K	194	A	0.38	2
P96110	E	232	A	-0.49	2
P00648	I	51	A	-1.11	2
P00648	I	51	V	-0.69	2
P00648	N	52	A	-1.83	2
P00648	T	53	A	-2.21	2
P00648	T	53	D	0.11	2
P00648	T	53	E	-0.27	2
P00648	T	53	G	-1.09	2
P00648	T	53	H	-2.06	2
P00648	T	53	N	-1.27	2
P00648	T	53	Q	-1.87	2
P00648	T	53	S	-0.22	2
P00648	F	54	L	-4.35	2
P00648	D	55	A	-0.80	2
P00648	D	55	G	-1.23	2
P00648	D	55	S	-0.84	2
P00648	V	57	A	-3.46	2
P00648	V	57	T	-2.37	2
P00648	D	59	A	-0.09	2
P00648	D	59	G	-0.76	2
P00648	D	59	S	-0.77	2
P00648	Y	60	A	-3.49	2
P00648	Y	60	F	-0.52	2
P00648	L	61	A	-4.51	2
P00648	Q	62	I	1.19	2
P00648	T	63	A	-0.38	2
P00648	T	63	G	-1.48	2
P00648	T	63	R	0.24	2
P00648	T	63	S	-1.66	2
P00648	Y	64	A	-2.12	2
P00648	Y	64	F	-0.44	2
P00648	Y	64	G	-4.02	2
P00648	Y	64	S	-2.28	2
P00648	H	65	A	-1.99	2
P00648	H	65	D	-2.38	2
P00648	H	65	G	-0.65	2
P00648	H	65	K	-1.05	2
P00648	H	65	N	-1.74	2
P00648	H	65	Q	-1.52	2
P00648	H	65	R	-1.09	2
P00648	H	65	S	-2.19	2
P00648	K	66	R	0.54	2
P00648	D	69	M	-0.27	2
P00648	N	70	A	-2.27	2
P00648	Y	71	F	0.05	2
P00648	I	72	A	-3.59	2
P00648	I	72	V	-1.05	2
P00648	T	73	A	-1.95	2
P00648	T	73	D	-0.04	2
P00648	T	73	E	-0.05	2
P00648	T	73	G	-1.48	2
P00648	T	73	N	-1.29	2
P00648	T	73	Q	-1.72	2
P00648	T	73	S	-0.56	2
P00648	T	73	V	-2.31	2
P00648	K	74	A	0.44	2
P00648	K	74	G	-0.30	2
P00648	S	75	A	0.50	2
P00648	S	75	E	0.50	2
P00648	S	75	G	-0.47	2
P00648	E	76	A	-1.28	2
P00648	E	76	G	-1.91	2
P00648	E	76	Q	-0.11	2
P00648	E	76	S	-1.22	2
P00648	Q	78	A	-0.03	2
P00648	Q	78	G	-1.04	2
P00648	Q	78	S	0.00	2
P00648	A	79	C	-1.42	2
P00648	A	79	D	-0.56	2
P00648	A	79	E	-0.24	2
P00648	A	79	F	-0.56	2
P00648	A	79	G	-0.82	2
P00648	A	79	H	-0.75	2
P00648	A	79	I	-0.74	2
P00648	A	79	K	-0.15	2
P00648	A	79	L	-0.11	2
P00648	A	79	M	-0.19	2
P00648	A	79	N	-0.51	2
P00648	A	79	Q	-0.43	2
P00648	A	79	R	-0.15	2
P00648	A	79	S	-0.28	2
P00648	A	79	T	-0.64	2
P00648	A	79	V	-0.62	2
P00648	A	79	W	-1.07	2
P00648	A	79	Y	-0.75	2
P00648	L	80	Q	-1.34	2
P00648	G	81	A	-2.91	2
P00648	G	81	D	-3.30	2
P00648	G	81	H	-2.62	2
P00648	G	81	K	-2.91	2
P00648	G	81	N	-2.72	2
P00648	G	81	R	-2.61	2
P00648	G	81	S	-3.05	2
P00648	G	81	T	-3.28	2
P00648	V	83	A	-1.40	2
P00648	V	83	T	-1.11	2
P00648	N	88	D	-2.54	2
P00648	D	91	E	-0.11	2
P00648	V	92	A	-1.61	2
P00648	V	92	T	-2.34	2
P00648	I	98	A	-4.71	2
P00648	I	98	V	-1.66	2
P00648	G	100	A	-3.40	2
P00648	D	101	A	-3.04	2
P00648	D	101	N	-2.42	2
P00648	I	102	A	-1.29	2
P00648	I	102	T	-0.94	2
P00648	I	102	V	-0.37	2
P00648	S	104	A	0.15	2
P00648	N	105	A	-2.27	2
P00648	N	105	D	0.40	2
P00648	R	106	A	0.64	2
P00648	K	109	R	-0.35	2
P00648	G	112	S	0.74	2
P00648	K	113	A	0.59	2
P00648	R	116	K	-3.20	2
P00648	R	116	M	-2.04	2
P00648	R	116	S	-2.83	2
P00648	E	120	A	-2.40	2
P00648	E	120	F	-2.10	2
P00648	E	120	Q	-2.70	2
P00648	E	120	W	-2.20	2
P00648	I	123	A	-1.71	2
P00648	I	123	T	-2.64	2
P00648	I	123	V	-0.87	2
P00648	N	124	A	-1.63	2
P00648	Y	125	F	-1.35	2
P00648	T	126	V	0.24	2
P00648	R	130	K	-4.43	2
P00648	R	130	Q	-1.47	2
P00648	N	131	A	-1.94	2
P00648	S	132	A	0.08	2
P00648	I	135	A	-4.01	2
P00648	I	135	L	-0.16	2
P00648	I	135	V	-1.41	2
P00648	L	136	T	-2.82	2
P00648	L	136	V	-0.30	2
P00648	S	138	A	-1.84	2
P00648	S	139	A	-2.89	2
P00648	D	140	N	-4.03	2
P00648	W	141	F	-1.04	2
P00648	W	141	L	-1.12	2
P00648	W	141	Y	-1.24	2
P00648	I	143	A	-3.31	2
P00648	I	143	V	-0.97	2
P00648	T	146	V	-2.87	2
P00648	H	149	A	-0.24	2
P00648	Y	150	F	-0.06	2
P00648	Q	151	A	-0.13	2
P00648	T	152	V	-2.21	2
P00648	K	155	R	0.84	2
P00648	I	156	A	-1.74	2
P00648	I	156	V	-0.80	2
P00648	R	157	A	-0.10	2
P13726	R	232	W	0.60	2
P41016	Q	2	L	0.48	2
P41016	R	3	A	-1.88	2
P41016	R	3	E	-1.46	2
P41016	R	3	K	-0.19	2
P41016	R	3	L	-0.11	2
P41016	N	11	S	0.11	2
P41016	E	12	K	-0.32	2
P41016	Y	15	F	-0.05	2
P41016	E	21	A	-0.29	2
P41016	E	21	K	-0.31	2
P41016	G	23	Q	-0.13	2
P41016	S	24	D	0.17	2
P41016	H	29	E	-0.61	2
P41016	T	31	S	0.10	2
P41016	E	36	K	-0.45	2
P41016	F	38	W	0.24	2
P41016	E	46	A	0.01	2
P41016	E	46	K	-0.57	2
P41016	E	50	K	-0.58	2
P41016	E	50	W	0.07	2
P41016	Q	53	E	-0.03	2
P41016	N	55	K	-0.03	2
P41016	R	56	E	0.69	2
P41016	V	64	T	-0.30	2
P41016	L	66	E	-0.97	2
P32081	M	1	R	1.75	2
P32081	E	3	K	2.75	2
P32081	E	3	L	1.59	2
P32081	E	3	Q	1.14	2
P32081	E	3	R	1.77	2
P32081	N	10	D	0.38	2
P32081	F	15	A	-2.07	2
P32081	F	17	A	-1.47	2
P32081	D	25	Q	-0.79	2
P32081	F	27	A	-0.84	2
P32081	F	38	A	0.22	2
P32081	E	43	S	0.29	2
P32081	A	46	E	-0.59	2
P32081	A	46	K	1.41	2
P32081	S	48	E	0.04	2
P32081	S	48	R	1.58	2
P32081	E	50	Q	-1.16	2
P32081	R	56	Q	0.28	2
P32081	K	65	I	1.53	2
P32081	E	66	K	2.18	2
P32081	E	66	L	1.60	2
P00282	V	25	A	0.00	2
P00282	I	27	A	-3.11	2
P00282	I	27	S	-3.44	2
P00282	I	40	A	-1.56	2
P00282	I	40	T	-2.39	2
P00282	I	40	V	-0.38	2
P00282	V	42	A	-1.44	2
P00282	V	42	T	-0.96	2
P00282	V	51	T	-1.08	2
P00282	H	66	G	-2.50	2
P00282	L	70	T	-2.34	2
P00282	L	70	V	-0.36	2
P00282	V	80	G	-3.11	2
P00282	I	101	A	-2.39	2
P00282	I	101	T	-2.51	2
P00282	I	101	V	-0.07	2
P00282	A	102	G	-3.11	2
P00282	V	115	T	0.96	2
P00282	F	130	S	-3.95	2
P00282	H	137	G	-2.18	2
P00282	L	145	A	-0.72	2
P0A3H0	A	27	S	-1.19	2
P0A3H0	S	31	T	0.41	2
P0A3H0	V	42	I	-0.82	2
P0A3H0	A	56	S	-0.13	2
P0A3H0	M	69	I	0.00	2
P13479	V	19	L	-1.82	2
P13479	A	25	G	-0.14	2
P13479	E	31	L	-0.67	2
P13479	V	34	L	0.33	2
P13479	V	37	L	-0.26	2
P13479	E	41	V	0.89	2
P13479	V	68	I	-0.81	2
P13479	V	71	I	0.07	2
P06396	D	214	N	-1.05	2
P06396	D	214	Y	-2.03	2
P05798	V	2	T	-0.90	2
P05798	T	5	V	0.00	2
P05798	T	16	V	0.30	2
P05798	D	17	K	-1.10	2
P05798	T	18	V	-1.40	2
P05798	D	25	K	0.90	2
P05798	Y	30	F	0.40	2
P05798	V	36	T	-1.30	2
P05798	Q	38	A	0.74	2
P05798	N	39	A	-2.20	2
P05798	N	39	D	-1.50	2
P05798	N	39	S	-2.30	2
P05798	E	41	K	-1.11	2
P05798	V	43	T	-0.50	2
P05798	Y	49	F	-0.20	2
P05798	Y	51	F	-2.30	2
P05798	Y	52	F	-3.60	2
P05798	E	54	Q	-1.96	2
P05798	Y	55	F	-0.60	2
P05798	T	56	V	-1.90	2
P05798	V	57	T	-4.40	2
P05798	T	59	V	-1.70	2
P05798	R	65	A	-1.13	2
P05798	T	67	V	0.00	2
P05798	T	72	V	-0.20	2
P05798	E	74	K	0.84	2
P05798	D	79	A	2.48	2
P05798	D	79	E	-0.40	2
P05798	D	79	F	2.73	2
P05798	D	79	H	1.70	2
P05798	D	79	I	2.85	2
P05798	D	79	K	2.35	2
P05798	D	79	L	2.65	2
P05798	D	79	N	1.46	2
P05798	D	79	R	2.70	2
P05798	D	79	W	2.25	2
P05798	D	79	Y	2.90	2
P05798	Y	80	F	-1.50	2
P05798	Y	81	F	-1.20	2
P05798	T	82	V	-1.70	2
P05798	H	85	Q	0.00	2
P05798	Y	86	F	-0.30	2
P05798	Q	94	K	0.56	2
P06876	V	103	A	-2.32	2
P06876	V	103	I	0.69	2
P06876	V	103	L	2.08	2
P30289	Y	53	F	-0.60	2
P30289	Y	75	F	0.50	2
P30289	Y	96	F	-2.60	2
P30289	Y	97	F	-2.10	2
P30289	Y	100	F	-0.70	2
P30289	Y	125	F	-1.50	2
P30289	Y	126	F	-1.00	2
P30289	Y	131	F	0.00	2
P0A9X9	F	18	L	-1.00	2
P0A9X9	F	18	S	-1.54	2
P0A9X9	F	20	L	-0.31	2
P0A9X9	F	20	S	-1.16	2
P0A9X9	F	31	L	-0.66	2
P0A9X9	F	31	S	-1.03	2
P0A9X9	Y	42	W	0.15	2
P0A9X9	S	52	W	-0.20	2
P0A9X9	T	68	W	0.70	2
P19614	R	23	A	-0.89	2
P19614	E	25	A	-0.09	2
P19614	D	36	A	0.30	2
P19614	R	39	A	-0.80	2
P19614	R	47	A	-0.74	2
P19614	D	58	N	-0.20	2
P07445	Y	16	F	-1.79	2
P07445	Y	32	F	0.20	2
P07445	Y	57	F	-1.22	2
P07445	Y	57	S	-4.53	2
P07445	V	101	L	-1.72	2
P22069	M	23	L	-2.76	2
P22069	F	28	A	-5.00	2
P22069	F	36	Y	-4.67	2
P00651	V	42	A	-2.34	2
P00651	V	42	C	-4.99	2
P00651	V	42	S	-4.68	2
P00651	V	42	T	-3.65	2
P00651	A	47	G	-1.10	2
P00651	G	49	A	-1.20	2
P00651	Y	50	W	1.24	2
P00651	Q	51	K	0.88	2
P00651	H	66	T	-0.26	2
P00651	Y	68	W	-0.14	2
P00651	N	70	A	-1.88	2
P00651	N	70	D	-1.58	2
P00651	N	70	S	-1.77	2
P00651	Y	71	W	0.74	2
P00651	D	75	A	0.50	2
P00651	D	75	F	0.10	2
P00651	D	75	H	1.10	2
P00651	D	75	Y	0.00	2
P00651	E	84	A	-0.42	2
P00651	W	85	Y	-0.93	2
P00651	D	102	A	-3.76	2
P00651	D	102	N	-3.39	2
P00651	D	102	S	-3.17	2
P00651	V	104	A	-4.08	2
P00651	V	104	C	-3.67	2
P00651	V	104	S	-4.73	2
P00651	V	104	T	-3.59	2
P00651	V	115	C	-3.54	2
P00651	V	115	S	-4.87	2
P00651	V	115	T	-3.07	2
P00651	H	118	A	-0.62	2
P03051	D	30	A	0.30	2
P03051	D	30	C	0.80	2
P03051	D	30	E	1.00	2
P03051	D	30	F	-0.10	2
P03051	D	30	G	2.00	2
P03051	D	30	H	0.90	2
P03051	D	30	I	-0.80	2
P03051	D	30	K	0.90	2
P03051	D	30	L	-0.10	2
P03051	D	30	M	0.60	2
P03051	D	30	N	0.80	2
P03051	D	30	Q	1.80	2
P03051	D	30	R	0.80	2
P03051	D	30	S	1.00	2
P03051	D	30	T	-0.40	2
P03051	D	30	V	-0.40	2
P03051	D	30	W	-0.40	2
P03051	D	30	Y	0.20	2
P03051	L	41	A	-3.06	2
P03051	L	41	V	-1.26	2
P00782	M	157	F	0.48	2
P00782	N	183	D	0.45	2
P00782	G	276	A	0.30	2
P00782	Q	313	C	1.25	2
P00782	Y	324	K	0.72	2
P00782	N	325	S	1.07	2
P02640	H	791	Y	1.11	2
P02925	A	52	T	-3.30	2
P02925	V	75	E	-3.50	2
P01241	S	97	A	-1.12	2
P01241	S	97	Q	-1.37	2
P01241	S	97	T	-0.20	2
P01241	S	97	V	-1.26	2
P01241	E	100	A	-0.95	2
P01241	E	100	D	-1.26	2
P01241	E	100	L	-1.01	2
P01241	E	100	Q	-0.71	2
P01241	E	100	S	-1.01	2
P01241	E	100	T	-1.13	2
P03040	Q	16	L	1.40	2
P03040	Y	26	C	1.10	2
P03040	Y	26	D	1.35	2
P03040	Y	26	F	0.20	2
P03040	Y	26	H	0.95	2
P03040	Y	26	L	0.55	2
P03040	Y	26	Q	0.70	2
P03040	Y	26	V	0.45	2
P03040	Y	26	W	-0.05	2
P03040	A	36	S	0.20	2
P0ABQ4	I	2	V	-0.55	2
P0ABQ4	G	15	A	0.44	2
P0ABQ4	W	22	L	-0.31	2
P0ABQ4	L	24	V	-1.29	2
P0ABQ4	D	27	N	1.21	2
P0ABQ4	L	28	R	1.08	2
P0ABQ4	W	30	A	-2.03	2
P0ABQ4	W	30	E	-2.42	2
P0ABQ4	W	30	H	-2.44	2
P0ABQ4	W	30	M	-1.94	2
P0ABQ4	W	30	N	-2.07	2
P0ABQ4	W	30	R	-2.09	2
P0ABQ4	W	30	S	-2.29	2
P0ABQ4	W	30	Y	-1.79	2
P0ABQ4	F	31	A	-1.72	2
P0ABQ4	F	31	V	-1.46	2
P0ABQ4	T	35	A	-1.10	2
P0ABQ4	V	40	A	-1.59	2
P0ABQ4	V	40	F	-1.99	2
P0ABQ4	V	40	H	-2.76	2
P0ABQ4	V	40	I	-0.50	2
P0ABQ4	V	40	L	-0.78	2
P0ABQ4	V	40	M	-1.27	2
P0ABQ4	V	40	N	-1.82	2
P0ABQ4	V	40	R	-1.38	2
P0ABQ4	V	40	S	-2.04	2
P0ABQ4	G	43	A	-0.48	2
P0ABQ4	R	44	A	-0.94	2
P0ABQ4	R	44	L	0.78	2
P0ABQ4	L	54	V	-0.32	2
P0ABQ4	N	59	C	0.24	2
P0ABQ4	N	59	E	-1.36	2
P0ABQ4	N	59	G	-2.01	2
P0ABQ4	N	59	H	-0.81	2
P0ABQ4	N	59	I	0.13	2
P0ABQ4	N	59	K	-1.55	2
P0ABQ4	N	59	L	0.01	2
P0ABQ4	N	59	M	-0.14	2
P0ABQ4	N	59	Q	-0.35	2
P0ABQ4	N	59	S	-1.26	2
P0ABQ4	N	59	T	-0.05	2
P0ABQ4	N	59	V	0.36	2
P0ABQ4	N	59	W	-0.79	2
P0ABQ4	I	61	L	-0.36	2
P0ABQ4	I	61	V	-0.83	2
P0ABQ4	G	67	A	-0.05	2
P0ABQ4	G	67	C	-0.51	2
P0ABQ4	G	67	D	-0.58	2
P0ABQ4	G	67	L	-0.51	2
P0ABQ4	G	67	S	-0.27	2
P0ABQ4	G	67	T	-0.62	2
P0ABQ4	G	67	V	-0.70	2
P0ABQ4	W	74	F	-1.20	2
P0ABQ4	V	75	A	-0.05	2
P0ABQ4	V	75	C	-0.05	2
P0ABQ4	V	75	H	-1.72	2
P0ABQ4	V	75	I	-1.65	2
P0ABQ4	V	75	R	-2.00	2
P0ABQ4	V	75	S	-0.80	2
P0ABQ4	V	75	Y	-1.80	2
P0ABQ4	C	85	S	-0.97	2
P0ABQ4	V	88	A	0.29	2
P0ABQ4	V	88	I	-0.49	2
P0ABQ4	I	91	L	-1.50	2
P0ABQ4	I	91	V	-1.34	2
P0ABQ4	I	94	L	-0.63	2
P0ABQ4	I	94	V	-0.67	2
P0ABQ4	G	95	A	-0.90	2
P0ABQ4	L	112	I	-0.25	2
P0ABQ4	L	112	V	-1.39	2
P0ABQ4	T	113	V	-0.91	2
P0ABQ4	G	121	A	-0.01	2
P0ABQ4	G	121	C	-0.22	2
P0ABQ4	G	121	D	-0.34	2
P0ABQ4	G	121	H	-0.56	2
P0ABQ4	G	121	L	-0.58	2
P0ABQ4	G	121	S	-0.08	2
P0ABQ4	G	121	V	-0.99	2
P0ABQ4	G	121	Y	-0.51	2
P0ABQ4	D	122	A	-1.00	2
P0ABQ4	E	139	K	-1.59	2
P0ABQ4	E	139	Q	-0.89	2
P0ABQ4	S	148	A	-0.42	2
P0ABQ4	S	148	E	-0.61	2
P0ABQ4	S	148	K	-0.38	2
P0ABQ4	S	148	N	-0.88	2
P0ABQ4	S	148	R	-0.66	2
P0ABQ4	S	148	T	-0.41	2
P0ABQ4	S	148	V	-0.35	2
P0ABQ4	C	152	E	-0.97	2
P0ABQ4	I	155	A	-2.99	2
P0ABQ4	I	155	D	-3.19	2
P0ABQ4	I	155	E	-2.62	2
P0ABQ4	I	155	K	-2.69	2
P0ABQ4	I	155	L	-1.63	2
P0ABQ4	I	155	Q	-3.01	2
P0ABQ4	I	155	R	-2.65	2
P0ABQ4	I	155	S	-3.09	2
P0ABQ4	I	155	T	-2.53	2
P0ABQ4	I	155	V	-0.03	2
P0ABQ4	I	155	W	-3.21	2
P0ABQ4	I	155	Y	-2.85	2
P00974	F	39	L	-2.20	2
P00974	Y	45	L	-2.90	2
P00974	G	47	D	-4.30	2
P00974	G	47	V	-4.10	2
P00974	A	51	T	-1.70	2
P00974	A	51	V	-1.30	2
P00974	Y	56	A	-3.90	2
P00974	Y	56	L	-3.40	2
P00974	F	57	A	-1.11	2
P00974	F	68	I	-2.40	2
P00974	F	68	L	-2.70	2
P00974	Y	70	A	-4.70	2
P00974	Y	70	D	-3.80	2
P00974	Y	70	F	-0.60	2
P00974	Y	70	G	-5.00	2
P00974	Y	70	N	-3.70	2
P00974	G	71	D	-2.80	2
P00974	G	71	S	-0.70	2
P00974	G	72	A	-3.01	2
P00974	G	72	D	-1.70	2
P00974	N	79	G	-4.70	2
1yyjA	L	3	A	-1.6	2
1yyjA	W	7	M	-0.85	2
1yyjA	L	10	A	-1.86	2
1yyjA	L	14	A	-1.92	2
1yyjA	K	15	A	-0.2	2
1yyjA	I	17	A	-1.3	2
1yyjA	E	18	A	1.3	2
1yyjA	A	20	G	-1.97	2
1yyjA	A	23	G	-2.38	2
1yyjA	K	27	A	-0.17	2
1yyjA	K	27	G	-1.0	2
1yyjA	L	30	A	-2.83	2
1yyjA	M	33	A	-2.97	2
1yyjA	R	34	A	-2.25	2
1yyjA	R	34	G	-3.26	2
1yyjA	A	36	G	-2.61	2
1yyjA	A	37	G	-4.15	2
1yyjA	L	38	G	-1.44	2
1yyjA	A	40	G	-1.41	2
1yyjA	L	48	A	-3.73	2
1yyjA	K	51	G	-1.32	2
1yyjA	M	58	A	-2.91	2
1yyjA	F	61	A	-4.52	2
1yyjA	F	65	A	-1.92	2
1yyjA	L	68	A	-3.88	2
1yyjA	V	69	G	-3.61	2
1yyjA	I	72	A	-4.79	2
1yyjA	D	73	A	-1.57	2
1yyjA	L	76	A	-3.48	2
1yyjA	V	84	A	-3.42	2
1yyjA	A	87	G	-3.2	2
1yyjA	A	90	G	-2.34	2
1yyjA	A	91	G	-1.6	2
1yyjA	L	94	A	-1.5	2
1yyjA	I	98	A	-3.48	2
1yyjA	Y	101	A	0.52	2
1yyjA	Y	105	A	-2.36	2
P03706	H	31	D	-1.60	3
P03706	H	48	N	-5.00	3
P0A6F9	I	3	C	-0.44	3
P0A6F9	I	3	W	-0.25	3
P0A6F9	I	48	W	-0.20	3
P0A6F9	V	95	C	-0.25	3
P02754	W	35	Y	-3.45	3
P00918	W	5	F	-1.80	3
P00918	C	205	S	2.35	3
P01051	V	14	A	-1.04	3
P01051	V	18	A	-1.20	3
P01051	L	27	A	-0.16	3
P01051	V	54	A	-1.58	3
P01051	V	62	A	-1.01	3
P62942	V	3	A	-2.18	3
P62942	V	5	A	-2.26	3
P62942	I	8	V	-0.90	3
P62942	T	22	A	-1.24	3
P62942	T	22	S	-1.06	3
P62942	T	22	V	0.56	3
P62942	V	24	A	-2.62	3
P62942	V	25	A	-3.04	3
P62942	T	28	A	-1.71	3
P62942	T	28	S	-1.07	3
P62942	T	28	V	0.58	3
P62942	F	37	A	-3.07	3
P62942	L	51	A	-2.22	3
P62942	V	56	A	-1.78	3
P62942	I	57	A	-2.04	3
P62942	I	57	D	-2.88	3
P62942	I	57	T	-1.95	3
P62942	R	58	A	-0.55	3
P62942	R	58	G	-1.89	3
P62942	W	60	F	2.72	3
P62942	W	60	L	2.35	3
P62942	E	61	A	-1.71	3
P62942	E	61	G	-2.62	3
P62942	E	62	A	-0.73	3
P62942	E	62	G	-2.20	3
P62942	V	64	A	-2.56	3
P62942	T	76	A	-2.27	3
P62942	T	76	V	-0.70	3
P62942	I	77	A	-3.36	3
P62942	I	77	V	-0.33	3
P62942	I	92	A	-1.33	3
P62942	I	92	V	-0.10	3
P62942	L	98	A	-3.01	3
P62942	V	99	A	-1.99	3
P62942	V	102	A	-2.39	3
P62942	L	107	A	-2.08	3
P02633	L	10	V	-1.72	3
P02633	F	14	A	-4.12	3
P02633	Y	17	F	-1.08	3
P02633	E	21	Q	0.33	3
P02633	D	23	N	0.83	3
P02633	L	27	A	-3.24	3
P02633	L	27	G	-3.95	3
P02633	E	30	Q	-0.03	3
P02633	L	32	A	-2.20	3
P02633	V	65	A	-2.93	3
P02633	V	65	G	-3.60	3
P02633	F	70	A	-4.20	3
P02633	F	70	W	-0.93	3
P02633	V	74	L	-0.13	3
P02633	I	77	V	-1.34	3
P03023	K	84	L	-0.20	3
P69797	W	12	F	1.79	3
P69797	W	33	F	-1.08	3
P69797	W	69	F	-2.15	3
P0AA04	S	31	A	-0.40	3
P0AA04	S	46	A	-1.01	3
P0AA04	S	46	D	1.44	3
P0AA04	S	46	N	0.39	3
P0AA04	K	49	A	1.39	3
P0AA04	K	49	D	1.41	3
P0AA04	K	49	E	1.85	3
P0AA04	K	49	G	1.05	3
P0AA04	K	49	M	0.94	3
P0AA04	K	49	N	0.35	3
P0AA04	K	49	Q	1.39	3
P0AA04	K	49	R	-0.15	3
P0AA04	K	49	S	0.95	3
P01009	A	55	I	0.90	3
P01009	A	55	L	0.90	3
P01009	A	55	V	0.60	3
P01009	F	75	C	3.01	3
P01009	F	75	L	2.10	3
P01009	V	79	I	-0.20	3
P01009	V	79	L	-0.30	3
P01009	T	83	A	1.00	3
P01009	T	92	A	1.00	3
P01009	A	94	G	1.60	3
P01009	V	169	I	0.20	3
P01009	V	169	L	-0.70	3
P01009	Y	184	A	-0.21	3
P01009	Y	184	W	1.18	3
P01009	V	197	I	0.50	3
P01009	V	197	L	-0.60	3
P01009	A	207	F	1.50	3
P01009	A	207	I	1.80	3
P01009	A	207	L	1.40	3
P01009	A	207	V	3.80	3
P01009	W	218	F	-0.47	3
P01009	W	262	F	0.98	3
P01009	A	272	F	1.80	3
P01009	A	272	I	2.20	3
P01009	A	272	L	0.35	3
P01009	A	272	V	2.30	3
P01009	A	274	I	-0.40	3
P01009	A	274	L	-1.00	3
P01009	A	274	V	-0.40	3
P01009	A	308	I	0.00	3
P01009	A	308	V	0.80	3
P01009	V	345	I	0.60	3
P01009	V	345	L	-1.20	3
P01009	S	354	R	-2.44	3
P01009	K	355	F	1.75	3
P01009	K	355	I	0.84	3
P01009	K	355	T	-0.54	3
P01009	K	355	V	0.89	3
P01009	V	388	I	0.40	3
P01009	V	388	L	-0.30	3
P01009	M	398	I	2.30	3
P01009	S	405	A	1.00	3
P01009	K	411	R	1.00	3
P22307	C	495	S	-1.38	3
P02625	K	81	S	-0.29	3
P04637	E	326	A	-0.40	3
P04637	F	328	A	-2.36	3
P04637	F	328	L	-1.43	3
P04637	T	329	A	-1.02	3
P04637	L	330	F	-1.80	3
P04637	Q	331	A	-0.46	3
P04637	I	332	V	-0.99	3
P04637	R	333	A	-1.05	3
P04637	R	335	A	-0.75	3
P04637	E	336	A	0.40	3
P04637	R	337	A	-2.41	3
P04637	F	338	A	-2.03	3
P04637	E	339	A	-0.66	3
P04637	M	340	A	-1.90	3
P04637	M	340	I	-0.38	3
P04637	F	341	I	-2.01	3
P04637	F	341	L	-0.91	3
P04637	R	342	A	-0.38	3
P04637	E	343	A	-0.25	3
P04637	L	344	F	-1.62	3
P04637	L	344	I	-0.41	3
P04637	N	345	A	-0.98	3
P04637	E	346	A	-0.27	3
P04637	A	347	G	-0.97	3
P04637	E	349	A	-1.18	3
P04637	L	350	A	-0.50	3
P04637	K	351	A	0.57	3
P04637	D	352	A	-0.62	3
P24821	I	809	A	-2.74	3
P24821	I	809	V	0.02	3
P24821	V	811	A	-1.40	3
P24821	A	819	G	-2.67	3
P24821	I	821	A	-3.58	3
P24821	I	821	V	-0.28	3
P24821	I	830	A	-1.63	3
P24821	I	830	V	-0.37	3
P24821	I	833	A	-3.30	3
P24821	I	833	V	-0.80	3
P24821	L	835	A	-4.13	3
P24821	Y	837	A	-3.96	3
P24821	I	849	A	-2.40	3
P24821	L	851	A	-2.88	3
P24821	Y	858	A	-1.21	3
P24821	Y	858	G	-4.06	3
P24821	I	860	A	-1.91	3
P24821	I	860	V	-0.88	3
P24821	L	863	A	-3.96	3
P24821	T	867	S	-1.26	3
P24821	Y	869	F	-3.09	3
P24821	V	871	A	-2.69	3
P24821	L	873	A	-2.81	3
P24821	S	875	A	-0.27	3
P24821	S	882	A	-2.58	3
P24821	A	885	G	-0.92	3
P24821	E	887	A	1.55	3
P24821	E	887	G	-0.14	3
P00929	A	18	G	-2.70	3
P00929	A	18	V	-2.30	3
P00929	F	22	I	-4.58	3
P00929	F	22	L	-1.05	3
P00929	F	22	V	-3.44	3
P00929	Y	175	Q	-1.65	3
P00929	L	209	V	-3.20	3
P00929	I	232	V	-3.30	3
P0A877	F	22	L	1.40	3
P0A877	I	37	A	-4.42	3
P0A877	E	49	A	0.41	3
P0A877	E	49	C	1.33	3
P0A877	E	49	D	0.07	3
P0A877	E	49	F	1.15	3
P0A877	E	49	G	-0.03	3
P0A877	E	49	H	1.51	3
P0A877	E	49	I	3.79	3
P0A877	E	49	K	0.42	3
P0A877	E	49	L	3.67	3
P0A877	E	49	M	3.13	3
P0A877	E	49	N	-0.05	3
P0A877	E	49	Q	-0.58	3
P0A877	E	49	S	-0.01	3
P0A877	E	49	T	0.16	3
P0A877	E	49	V	2.43	3
P0A877	E	49	W	-0.02	3
P0A877	E	49	Y	0.41	3
P0A877	L	50	A	-2.99	3
P0A877	C	81	A	-0.69	3
P0A877	C	81	G	-1.58	3
P0A877	C	81	S	-1.41	3
P0A877	C	81	V	-1.32	3
P0A877	L	99	A	-4.07	3
P0A877	C	118	A	-1.36	3
P0A877	C	118	S	-2.27	3
P0A877	C	118	V	-1.34	3
P0A877	L	127	A	-1.28	3
P0A877	F	139	W	-0.64	3
P0A877	C	154	A	-1.03	3
P0A877	C	154	S	-1.72	3
P0A877	C	154	V	-1.12	3
P0A877	Y	175	C	-0.60	3
P0A877	L	176	A	-4.01	3
P0A877	G	211	D	-0.80	3
P0A877	G	211	E	1.10	3
P0A877	G	211	R	-0.12	3
P0A877	G	211	S	-0.15	3
P0A877	G	211	V	1.05	3
P0A877	G	211	W	-1.95	3
P0A877	G	234	D	3.40	3
P0A877	G	234	K	0.20	3
P0A877	F	258	W	-1.17	3
P01053	K	22	A	-0.79	3
P01053	K	22	M	-0.70	3
P01053	T	23	A	-0.93	3
P01053	T	23	G	-1.07	3
P01053	T	23	V	-0.76	3
P01053	E	27	A	-0.75	3
P01053	E	27	Q	-0.60	3
P01053	L	28	A	-2.44	3
P01053	K	31	A	-0.39	3
P01053	S	32	A	-0.96	3
P01053	S	32	G	-0.49	3
P01053	E	34	D	-0.65	3
P01053	E	34	N	-0.55	3
P01053	E	34	Q	-0.39	3
P01053	E	35	D	-0.19	3
P01053	E	35	N	-0.58	3
P01053	E	35	Q	-0.58	3
P01053	A	36	G	-1.25	3
P01053	K	37	A	-0.70	3
P01053	K	37	G	-2.16	3
P01053	K	38	A	-0.18	3
P01053	K	38	G	-1.18	3
P01053	V	39	A	-0.31	3
P01053	I	40	L	-1.96	3
P01053	I	40	V	-1.16	3
P01053	L	41	A	-1.27	3
P01053	L	41	G	-1.73	3
P01053	Q	42	A	-0.28	3
P01053	Q	42	G	-0.76	3
P01053	D	43	A	-1.00	3
P01053	K	44	A	-0.82	3
P01053	K	44	G	-3.34	3
P01053	E	46	A	-0.64	3
P01053	I	49	A	-3.68	3
P01053	I	49	V	-0.97	3
P01053	I	50	A	-1.05	3
P01053	I	50	G	-3.23	3
P01053	I	50	T	-1.21	3
P01053	I	50	V	-0.10	3
P01053	L	52	A	-2.16	3
P01053	L	52	I	-0.63	3
P01053	L	52	V	-0.67	3
P01053	V	54	A	-0.88	3
P01053	V	54	G	-2.26	3
P01053	V	54	T	-1.31	3
P01053	T	56	A	-0.59	3
P01053	T	56	S	-0.50	3
P01053	T	56	V	-1.16	3
P01053	I	57	A	-0.65	3
P01053	V	58	A	-1.07	3
P01053	T	59	A	-0.69	3
P01053	T	59	D	0.00	3
P01053	E	61	A	-0.89	3
P01053	R	63	A	-0.80	3
P01053	D	65	A	-0.91	3
P01053	V	67	A	-4.92	3
P01053	R	68	A	-1.21	3
P01053	L	69	A	-3.70	3
P01053	F	70	A	-3.53	3
P01053	F	70	L	-2.05	3
P01053	F	70	V	-1.90	3
P01053	V	71	A	-1.74	3
P01053	D	72	A	-3.28	3
P01053	K	73	N	-0.61	3
P01053	N	76	A	-1.02	3
P01053	N	76	D	-1.36	3
P01053	I	77	A	-4.21	3
P01053	I	77	V	0.10	3
P01053	A	78	G	-1.42	3
P01053	V	80	A	-1.46	3
P01053	V	80	G	-2.38	3
P01053	V	80	T	-0.89	3
P01053	V	83	A	-1.36	3
P01053	V	83	G	-3.24	3
P01053	V	83	T	-1.33	3
P04271	L	4	A	-0.64	3
P04271	L	4	S	-1.25	3
P04271	M	8	A	-2.00	3
P04271	I	12	A	-1.65	3
P04271	F	15	A	-2.85	3
P08877	S	46	D	0.72	3
P00720	I	3	A	-0.79	3
P00720	I	3	C	0.07	3
P00720	I	3	D	-2.87	3
P00720	I	3	E	-1.72	3
P00720	I	3	F	-1.02	3
P00720	I	3	G	-2.03	3
P00720	I	3	L	0.77	3
P00720	I	3	M	-0.76	3
P00720	I	3	S	-1.75	3
P00720	I	3	T	-2.15	3
P00720	I	3	V	-0.45	3
P00720	I	3	W	-2.80	3
P00720	I	3	Y	-2.39	3
P00720	M	6	I	-3.10	3
P00720	E	11	A	1.10	3
P00720	E	11	F	1.70	3
P00720	E	11	M	1.60	3
P00720	K	16	E	0.15	3
P00720	Y	25	G	-4.55	3
P00720	G	30	A	0.10	3
P00720	G	30	F	-1.50	3
P00720	S	38	A	-0.77	3
P00720	S	38	D	-0.01	3
P00720	A	41	V	0.37	3
P00720	S	44	A	0.44	3
P00720	G	51	D	-2.63	3
P00720	C	54	T	0.87	3
P00720	C	54	V	-0.70	3
P00720	N	55	G	-0.58	3
P00720	I	58	Y	-3.11	3
P00720	K	60	H	-0.26	3
P00720	N	68	A	0.05	3
P00720	G	77	A	-0.20	3
P00720	K	83	H	-0.42	3
P00720	S	90	H	-1.09	3
P00720	R	96	H	-2.91	3
P00720	A	98	T	-3.83	3
P00720	A	98	V	-4.98	3
P00720	M	102	V	-3.00	3
P00720	V	103	A	-1.91	3
P00720	Q	105	A	-0.68	3
P00720	Q	105	E	-0.94	3
P00720	Q	105	G	-2.30	3
P00720	G	113	A	0.39	3
P00720	T	115	E	0.03	3
P00720	N	116	D	0.47	3
P00720	S	117	F	1.10	3
P00720	S	117	I	1.70	3
P00720	S	117	V	2.00	3
P00720	R	119	E	-0.06	3
P00720	R	119	M	0.00	3
P00720	Q	123	E	0.27	3
P00720	K	124	G	-0.08	3
P00720	E	128	A	0.16	3
P00720	E	128	K	-1.16	3
P00720	A	129	V	-0.74	3
P00720	V	131	A	0.30	3
P00720	V	131	D	0.08	3
P00720	V	131	E	0.20	3
P00720	V	131	G	-0.68	3
P00720	V	131	I	0.16	3
P00720	V	131	L	0.09	3
P00720	V	131	M	0.12	3
P00720	V	131	S	-0.05	3
P00720	V	131	T	-0.09	3
P00720	N	132	F	1.30	3
P00720	N	132	I	1.20	3
P00720	N	132	M	1.50	3
P00720	L	133	A	-4.19	3
P00720	L	133	F	-0.26	3
P00720	K	135	E	-0.83	3
P00720	W	138	Y	-2.62	3
P00720	N	144	D	0.39	3
P00720	N	144	E	0.46	3
P00720	A	146	I	-4.31	3
P00720	A	146	T	-2.25	3
P00720	A	146	V	-4.31	3
P00720	K	147	E	-0.53	3
P00720	V	149	A	-2.87	3
P00720	V	149	C	-2.20	3
P00720	T	152	S	-2.60	3
P00720	F	153	C	-3.11	3
P00720	R	154	E	-0.65	3
P00720	G	156	D	-3.03	3
P00720	T	157	A	-0.90	3
P00720	T	157	C	-1.30	3
P00720	T	157	D	-2.12	3
P00720	T	157	E	-1.22	3
P00720	T	157	F	-3.73	3
P00720	T	157	G	-1.10	3
P00720	T	157	H	-2.10	3
P00720	T	157	I	-1.79	3
P00720	T	157	L	-1.63	3
P00720	T	157	N	-0.99	3
P00720	T	157	R	-0.54	3
P00720	T	157	S	-0.66	3
P00720	T	157	V	-1.49	3
P00720	A	160	T	-3.12	3
P01584	R	120	Q	-0.57	3
P01584	L	122	A	-2.13	3
P01584	N	123	D	0.09	3
P01584	N	123	G	-1.91	3
P01584	C	124	A	-2.02	3
P01584	C	124	S	-3.74	3
P01584	T	125	A	-1.45	3
P01584	T	125	G	-2.91	3
P01584	T	125	L	-1.90	3
P01584	T	125	Q	-2.53	3
P01584	L	126	A	-3.90	3
P01584	K	213	G	-1.65	3
P01584	K	213	R	-1.80	3
P01584	K	213	V	1.15	3
P04637	R	175	H	-3.47	3
P04637	C	242	S	-3.30	3
P04637	R	248	Q	-2.03	3
P04637	R	249	S	-1.81	3
P04637	R	273	H	-0.13	3
P0A7Y4	D	10	A	3.40	3
P0A7Y4	D	10	E	1.04	3
P0A7Y4	D	10	H	1.65	3
P0A7Y4	D	10	N	0.99	3
P0A7Y4	D	10	S	1.95	3
P0A7Y4	G	23	A	0.57	3
P0A7Y4	A	24	V	0.83	3
P0A7Y4	R	41	C	0.33	3
P0A7Y4	E	48	A	-0.23	3
P0A7Y4	E	48	D	-0.05	3
P0A7Y4	E	48	Q	0.15	3
P0A7Y4	A	52	C	0.80	3
P0A7Y4	A	52	D	-1.90	3
P0A7Y4	A	52	E	-1.50	3
P0A7Y4	A	52	F	-0.50	3
P0A7Y4	A	52	G	-2.70	3
P0A7Y4	A	52	H	-3.60	3
P0A7Y4	A	52	I	1.90	3
P0A7Y4	A	52	L	1.30	3
P0A7Y4	A	52	M	0.50	3
P0A7Y4	A	52	N	-1.80	3
P0A7Y4	A	52	Q	-1.20	3
P0A7Y4	A	52	S	-1.80	3
P0A7Y4	A	52	T	-0.80	3
P0A7Y4	A	52	V	1.70	3
P0A7Y4	A	52	Y	-2.30	3
P0A7Y4	I	53	D	-3.10	3
P0A7Y4	I	53	F	-3.90	3
P0A7Y4	I	53	L	-1.40	3
P0A7Y4	I	53	V	-0.20	3
P0A7Y4	H	62	A	0.44	3
P0A7Y4	H	62	D	0.13	3
P0A7Y4	H	62	R	0.22	3
P0A7Y4	S	68	A	-0.20	3
P0A7Y4	S	68	G	-2.17	3
P0A7Y4	S	68	L	-0.82	3
P0A7Y4	S	68	T	-0.01	3
P0A7Y4	S	68	V	0.70	3
P0A7Y4	D	70	A	0.65	3
P0A7Y4	D	70	E	0.25	3
P0A7Y4	D	70	N	0.89	3
P0A7Y4	V	74	A	-2.98	3
P0A7Y4	V	74	I	0.64	3
P0A7Y4	V	74	L	0.97	3
P0A7Y4	Q	76	L	0.24	3
P0A7Y4	G	77	A	-0.90	3
P0A7Y4	Q	80	L	0.30	3
P0A7Y4	H	83	A	0.07	3
P0A7Y4	K	91	R	0.07	3
P0A7Y4	D	94	E	-0.40	3
P0A7Y4	K	95	A	0.10	3
P0A7Y4	K	95	G	1.83	3
P0A7Y4	K	95	N	0.89	3
P0A7Y4	H	114	A	-1.87	3
P0A7Y4	K	117	R	0.00	3
P0A7Y4	E	119	V	0.51	3
P0A7Y4	H	124	A	0.17	3
P0A7Y4	A	125	T	0.04	3
P0A7Y4	H	127	A	-0.32	3
P0A7Y4	D	134	A	1.42	3
P0A7Y4	D	134	E	0.81	3
P0A7Y4	D	134	H	1.42	3
P0A7Y4	D	134	I	1.07	3
P0A7Y4	D	134	L	1.38	3
P0A7Y4	D	134	N	0.81	3
P0A7Y4	D	134	Q	1.02	3
P0A7Y4	D	134	S	0.79	3
P0A7Y4	D	134	T	0.74	3
P0A7Y4	D	134	V	0.83	3
P0A7Y4	E	135	K	-0.53	3
P0AA25	D	27	A	4.20	3
P0AA25	D	27	I	3.37	3
P0AA25	C	33	A	-3.50	3
P0AA25	C	36	A	-3.03	3
P0AA25	T	67	L	-1.03	3
P0AA25	T	78	V	-0.72	3
P0AA25	L	79	K	-1.95	3
P0AA25	L	79	R	-2.00	3
P10762	L	33	K	-1.18	4
P10762	T	47	A	0.48	4
P10762	A	155	K	-1.40	4
P10762	T	159	A	-1.03	4
P07170	V	10	I	-1.20	4
P07170	Q	50	E	-0.96	4
P07170	T	79	H	-0.90	4
P07170	T	112	H	-2.13	4
P07170	N	171	D	-2.15	4
P07170	I	215	F	-1.91	4
P00509	C	77	A	-0.45	4
P00509	C	77	S	-2.44	4
P00509	C	180	A	-1.12	4
P00509	C	180	F	-0.90	4
P00509	C	180	G	-0.02	4
P00509	C	180	R	-1.69	4
P00509	C	180	S	-1.44	4
P00509	C	180	W	-2.25	4
P00509	C	180	Y	-1.05	4
P00509	C	181	A	-1.21	4
P00509	C	181	S	-0.99	4
P00509	C	258	A	-1.68	4
P00509	C	389	A	1.06	4
P00509	C	389	S	-1.79	4
P69441	D	84	H	-1.40	4
P69441	G	85	V	-2.40	4
P69441	F	86	L	-0.80	4
P69441	R	88	G	-0.10	4
P13123	V	30	I	0.70	4
P0AE67	D	12	A	2.50	4
P0AE67	D	13	A	2.70	4
P0AE67	F	14	N	2.64	4
P0AE67	A	48	G	0.06	4
P0AE67	D	57	A	3.30	4
P0AE67	A	74	G	-0.31	4
P0AE67	A	77	G	-0.31	4
P0AE67	A	80	G	0.43	4
P0AE67	A	88	G	0.04	4
P0AE67	A	90	G	0.35	4
P0AE67	A	99	G	-0.48	4
P0AE67	A	101	G	-0.95	4
P0AE67	A	113	G	-0.75	4
P0AE67	A	114	G	-0.50	4
P61024	I	6	V	-0.57	4
P61024	Y	8	A	-0.68	4
P61024	S	9	A	-0.43	4
P61024	K	11	A	0.62	4
P61024	F	17	L	-2.58	4
P61024	E	18	A	-0.81	4
P61024	V	22	A	-1.36	4
P61024	V	32	A	-1.07	4
P61024	S	39	A	-0.60	4
P61024	L	46	A	-2.04	4
P61024	V	55	A	-0.73	4
P61024	V	55	G	-2.04	4
P61024	M	58	L	-0.23	4
P61024	H	65	A	-0.51	4
P61024	L	67	A	-1.98	4
P61024	R	70	A	-2.80	4
P61024	R	71	A	-0.59	4
P0A3E0	L	7	A	-3.11	4
P0A3E0	E	21	K	1.16	4
P0A3E0	I	23	A	-1.70	4
P0A3E0	I	23	V	-1.66	4
P0A3E0	V	32	A	-1.85	4
P0A3E0	E	41	K	1.61	4
P0A3E0	D	44	A	0.07	4
P0A3E0	I	52	V	-1.75	4
P0A3E0	I	53	V	-1.19	4
P0A3E0	E	62	K	0.51	4
P0A3E0	D	66	K	-0.10	4
P0A3E0	S	72	A	-0.44	4
P0A3E0	E	73	K	1.41	4
P0A3E0	D	76	K	1.03	4
P0A3E0	A	85	G	-1.90	4
P0A3E0	N	98	A	-0.58	4
P0A3E0	Q	100	A	1.59	4
P0A3E0	I	105	V	-0.57	4
P0A3E0	S	111	A	-0.73	4
P0A3E0	V	118	A	-2.02	4
P0A3E0	T	123	S	0.03	4
P0A3E0	D	127	K	0.81	4
P0A3E0	V	140	A	-1.09	4
P0A3E0	L	144	A	-0.17	4
P0A3E0	D	151	K	-0.21	4
P0A3E0	I	157	V	-3.16	4
P0A3E0	V	161	A	-2.07	4
P29160	D	3	A	-0.53	4
P29160	E	7	A	-0.77	4
P29160	R	9	A	-0.77	4
P29160	K	10	A	-0.29	4
P29160	D	13	A	0.24	4
P29160	K	16	A	-0.91	4
P29160	R	22	A	0.07	4
P29160	K	23	A	0.43	4
P29160	K	29	A	-1.20	4
P29160	K	34	A	0.12	4
P29160	R	40	A	-0.07	4
P29160	R	43	A	0.33	4
P29160	D	45	A	0.05	4
P29160	K	47	A	-1.10	4
P29160	E	48	A	-0.05	4
P29160	D	49	A	0.36	4
P29160	E	51	A	0.57	4
P29160	R	55	A	-0.26	4
P29160	E	63	A	-1.29	4
P29160	E	65	A	-0.26	4
P29160	E	70	A	-0.74	4
P29160	R	77	A	0.19	4
P29160	H	79	A	-0.50	4
P29160	D	88	A	-1.36	4
P29160	E	91	A	-0.41	4
P29160	R	93	A	-0.31	4
P83876	G	126	D	-0.93	4
P13444	R	265	H	-3.11	4
P05230	C	31	S	-2.81	4
P05230	H	36	Y	0.79	4
P05230	L	59	F	0.59	4
P05230	G	77	A	-1.48	4
P05230	G	77	N	-0.97	4
P05230	L	88	V	-1.46	4
P05230	C	98	S	-1.78	4
P05230	H	108	A	-0.60	4
P05230	H	108	G	1.34	4
P05230	H	108	N	0.19	4
P05230	H	117	Y	0.39	4
P05230	A	118	G	-0.46	4
P05230	N	121	G	0.16	4
P05230	F	123	Y	0.49	4
P05230	V	124	I	-0.05	4
P05230	V	124	L	-0.57	4
P05230	C	132	S	-0.64	4
P61991	I	30	V	-0.40	4
P00750	V	280	A	-2.00	4
P00750	V	280	I	0.30	4
P00750	V	280	L	-1.90	4
P00750	V	280	M	-2.20	4
P00750	V	280	S	-2.40	4
P00750	V	280	T	-1.00	4
P12528	G	178	R	-0.70	4
P12528	T	236	I	-0.53	4
P12528	G	245	R	-1.33	4
P12528	R	286	K	-3.43	4
P12528	E	310	V	-0.77	4
P12528	G	324	D	-0.13	4
P07107	F	6	A	-2.61	4
P07107	A	10	G	-1.88	4
P07107	V	13	A	-1.54	4
P07107	L	16	A	-3.28	4
P07107	D	22	A	0.03	4
P07107	D	22	H	-0.56	4
P07107	L	26	A	-1.60	4
P07107	F	27	A	-1.79	4
P07107	Y	29	A	-2.74	4
P07107	Y	29	F	-1.23	4
P07107	Y	29	N	-2.48	4
P07107	Y	32	N	-1.86	4
P07107	K	33	A	-1.34	4
P07107	K	33	E	-1.48	4
P07107	K	33	R	-1.83	4
P07107	Q	34	A	-3.64	4
P07107	A	35	G	-1.33	4
P07107	T	36	A	-1.47	4
P07107	I	40	A	-1.05	4
P07107	K	53	M	0.24	4
P07107	K	55	A	-0.97	4
P07107	K	55	M	0.10	4
P07107	E	68	A	-0.60	4
P07107	A	70	G	-2.28	4
P07107	Y	74	A	-4.77	4
P07107	Y	74	F	0.29	4
P07107	I	75	A	-1.70	4
P07107	V	78	A	-1.57	4
P07107	L	81	A	-4.15	4
P0ACT4	R	128	E	0.31	4
P29768	A	53	L	0.90	4
P29768	A	69	V	0.45	4
P42771	W	15	D	0.19	1
P42771	L	37	S	0.81	1
P42771	L	121	R	0.55	1
P07751	H	1772	A	0.50	1
P07751	H	1772	G	-0.50	1
P07751	F	1774	A	-3.70	1
P07751	F	1774	L	-1.30	1
P07751	R	1776	A	-0.30	1
P07751	R	1776	G	-1.90	1
P07751	M	1778	A	-2.20	1
P07751	D	1779	A	-0.20	1
P07751	D	1779	G	-1.20	1
P07751	S	1783	A	0.50	1
P07751	S	1783	G	-0.50	1
P07751	W	1784	F	-1.31	1
P07751	I	1785	A	-3.60	1
P07751	I	1785	V	-1.60	1
P07751	E	1787	A	0.10	1
P07751	E	1787	G	-1.10	1
P07751	K	1788	A	0.00	1
P07751	V	1792	A	-0.20	1
P07751	T	1802	A	0.30	1
P07751	T	1802	G	-0.10	1
P07751	V	1804	A	-0.40	1
P07751	N	1806	A	0.20	1
P07751	N	1806	G	-0.40	1
P07751	L	1807	A	-0.20	1
P07751	K	1809	A	0.40	1
P07751	K	1809	G	-0.50	1
P07751	H	1811	A	-1.40	1
P07751	R	1813	A	0.30	1
P07751	R	1813	G	-0.60	1
P07751	L	1814	A	-2.80	1
P07751	A	1816	G	-1.10	1
P07751	L	1818	A	-3.80	1
P07751	A	1820	G	-1.10	1
P07751	H	1821	A	-2.30	1
P07751	I	1825	A	-2.80	1
P07751	I	1825	V	-0.60	1
P07751	Q	1826	A	-0.70	1
P07751	Q	1826	G	-1.80	1
P07751	V	1828	A	-2.30	1
P07751	D	1830	A	-0.10	1
P07751	D	1830	G	-1.30	1
P07751	K	1834	A	-0.10	1
P07751	K	1834	G	-1.40	1
P07751	L	1835	A	-2.40	1
P07751	I	1846	A	-2.00	1
P07751	I	1846	V	-0.60	1
P07751	Q	1848	A	0.00	1
P07751	Q	1848	G	-1.30	1
P07751	L	1850	A	-2.80	1
P07751	A	1851	G	-1.10	1
P07751	F	1853	A	-2.80	1
P07751	F	1853	L	0.50	1
P07751	D	1855	A	0.70	1
P07751	D	1855	G	-0.30	1
P07751	W	1857	F	-2.10	1
P07751	K	1858	A	-0.40	1
P07751	K	1858	G	-1.30	1
P07751	L	1860	A	-3.80	1
P07751	Q	1862	A	0.40	1
P07751	Q	1862	G	-0.70	1
P07751	A	1864	G	-2.60	1
P07751	A	1866	G	-1.80	1
P07751	R	1867	A	0.00	1
P11540	K	22	A	-1.04	1
P11540	K	22	Q	-1.09	1
P11540	K	23	Q	-0.79	1
P11540	C	41	A	0.10	1
P11540	E	58	K	-0.70	1
P11540	K	61	E	-1.17	1
P11540	K	61	L	0.55	1
P11540	R	76	L	0.75	1
P11540	R	76	Q	-0.37	1
P11540	K	79	A	-0.05	1
P11540	K	79	Q	0.38	1
P11540	C	83	A	-0.10	1
P33665	W	68	F	-4.43	1
P33665	W	141	F	-4.27	1
P33665	W	267	F	-2.51	1
P07751	Q	1878	A	-0.15	1
P07751	Q	1878	G	-1.15	1
P07751	F	1880	L	-2.55	1
P07751	A	1882	G	-1.75	1
P07751	A	1889	G	-1.65	1
P07751	I	1891	A	-1.65	1
P07751	I	1891	V	-2.85	1
P07751	K	1915	A	-0.15	1
P07751	K	1915	G	-1.45	1
P07751	A	1919	G	-1.45	1
P07751	F	1920	L	-1.85	1
P07751	V	1926	A	0.15	1
P07751	V	1926	G	-0.85	1
P07751	H	1927	A	-2.35	1
P07751	V	1934	A	-1.55	1
P07751	A	1936	G	-1.95	1
P07751	A	1954	G	-1.35	1
P07751	M	1956	A	-2.65	1
P07751	L	1959	A	-4.55	1
P07751	G	1961	A	0.45	1
P07751	S	1964	A	0.15	1
P07751	S	1964	G	-0.95	1
P07751	L	1966	A	-4.05	1
P07751	A	1969	G	-2.25	1
P07751	A	1975	G	-1.45	1
P07751	L	1977	A	-3.65	1
P00644	K	88	A	0.19	1
P00644	K	88	G	0.25	1
P00644	L	89	A	-1.35	1
P00644	L	89	G	-1.26	1
P00644	L	89	I	-0.77	1
P00644	L	89	V	-1.15	1
P00644	H	90	A	-0.48	1
P00644	H	90	G	-0.85	1
P00644	K	91	A	-1.38	1
P00644	K	91	F	-1.03	1
P00644	K	91	G	-1.88	1
P00644	E	92	A	-1.34	1
P00644	E	92	G	-1.86	1
P00644	E	92	K	-1.98	1
P00644	E	92	Q	-0.97	1
P00644	A	94	G	-2.37	1
P00644	A	94	V	-0.89	1
P00644	T	95	A	-0.73	1
P00644	T	95	C	-1.20	1
P00644	T	95	G	-1.16	1
P00644	T	95	I	-0.05	1
P00644	T	95	S	-0.35	1
P00644	T	95	V	-0.26	1
P00644	L	96	A	-2.38	1
P00644	L	96	G	-3.84	1
P00644	L	96	I	-1.60	1
P00644	L	96	V	-1.63	1
P00644	I	97	A	-2.73	1
P00644	I	97	G	-3.43	1
P00644	I	97	L	-0.62	1
P00644	I	97	M	-0.15	1
P00644	I	97	V	-0.88	1
P00644	K	98	A	-0.06	1
P00644	K	98	F	-0.38	1
P00644	K	98	G	-0.76	1
P00644	A	99	G	0.19	1
P00644	A	99	V	-1.94	1
P00644	I	100	A	-2.65	1
P00644	I	100	G	-2.63	1
P00644	I	100	L	-0.14	1
P00644	I	100	M	-0.68	1
P00644	I	100	V	-0.96	1
P00644	D	101	A	-0.09	1
P00644	D	101	F	-1.28	1
P00644	D	101	G	-0.42	1
P00644	D	101	K	-0.41	1
P00644	D	101	N	0.07	1
P00644	G	102	A	-0.12	1
P00644	G	102	V	-2.18	1
P00644	D	103	A	0.83	1
P00644	D	103	G	0.46	1
P00644	D	103	K	1.10	1
P00644	D	103	N	1.43	1
P00644	T	104	A	-1.69	1
P00644	T	104	C	-0.95	1
P00644	T	104	G	-2.54	1
P00644	T	104	I	-0.61	1
P00644	T	104	S	-0.74	1
P00644	T	104	V	-0.85	1
P00644	V	105	A	-2.70	1
P00644	V	105	F	-1.93	1
P00644	V	105	I	0.03	1
P00644	V	105	L	-0.02	1
P00644	V	105	S	-4.76	1
P00644	V	105	T	-3.34	1
P00644	K	106	A	-0.34	1
P00644	K	106	F	-0.40	1
P00644	K	106	G	-1.60	1
P00644	L	107	A	-2.77	1
P00644	L	107	G	-4.58	1
P00644	L	107	I	-1.83	1
P00644	L	107	V	-1.85	1
P00644	M	108	A	-1.61	1
P00644	M	108	G	-1.95	1
P00644	M	108	I	-0.84	1
P00644	M	108	L	-0.31	1
P00644	Y	109	A	-3.63	1
P00644	Y	109	C	-2.72	1
P00644	Y	109	F	-0.40	1
P00644	Y	109	H	-1.86	1
P00644	Y	109	I	-2.28	1
P00644	Y	109	K	-3.78	1
P00644	Y	109	L	-1.55	1
P00644	Y	109	M	-1.94	1
P00644	Y	109	N	-3.83	1
P00644	Y	109	Q	-3.31	1
P00644	Y	109	R	-3.05	1
P00644	Y	109	S	-3.21	1
P00644	Y	109	T	-3.18	1
P00644	Y	109	V	-2.65	1
P00644	Y	109	W	-0.72	1
P00644	K	110	A	-0.70	1
P00644	K	110	E	-0.79	1
P00644	K	110	F	-0.85	1
P00644	K	110	G	-0.80	1
P00644	K	110	Q	-0.28	1
P00644	G	111	A	-1.41	1
P00644	G	111	C	-1.26	1
P00644	G	111	F	-1.46	1
P00644	G	111	V	-3.11	1
P00644	Q	112	A	-0.25	1
P00644	Q	112	G	-0.93	1
P00644	M	114	A	-1.81	1
P00644	M	114	G	-2.54	1
P00644	M	114	I	-0.56	1
P00644	M	114	L	-0.76	1
P00644	T	115	A	-1.52	1
P00644	T	115	C	-1.04	1
P00644	T	115	G	-2.62	1
P00644	T	115	I	0.73	1
P00644	T	115	S	-1.35	1
P00644	T	115	V	0.47	1
P00644	F	116	A	-3.80	1
P00644	R	117	A	-1.38	1
P00644	R	117	G	-2.26	1
P00644	L	118	A	-3.66	1
P00644	L	118	I	-3.09	1
P00644	L	118	V	-3.58	1
P00644	L	119	A	-1.51	1
P00644	L	119	G	-3.79	1
P00644	L	119	I	-1.82	1
P00644	L	119	V	-2.78	1
P00644	L	120	A	-1.51	1
P00644	L	120	G	-0.28	1
P00644	L	120	I	-2.06	1
P00644	L	120	V	-0.14	1
P00644	V	121	A	-2.16	1
P00644	V	121	G	-4.61	1
P00644	V	121	I	0.11	1
P00644	V	121	L	-0.90	1
P00644	V	121	S	-2.44	1
P00644	V	121	T	-1.55	1
P00644	D	122	A	0.41	1
P00644	D	122	G	-0.38	1
P00644	T	123	A	0.07	1
P00644	T	123	C	0.74	1
P00644	T	123	G	-1.79	1
P00644	T	123	I	0.86	1
P00644	T	123	S	-0.88	1
P00644	T	123	V	0.90	1
P00644	E	125	A	0.32	1
P00644	E	125	D	0.20	1
P00644	E	125	G	0.59	1
P00644	T	126	A	-0.23	1
P00644	T	126	C	-0.04	1
P00644	T	126	G	-0.37	1
P00644	T	126	I	-0.56	1
P00644	T	126	S	0.04	1
P00644	T	126	V	0.09	1
P00644	K	127	A	0.19	1
P00644	K	127	G	0.20	1
P00644	H	128	A	-0.45	1
P00644	H	128	G	-0.17	1
P00644	H	128	Y	0.00	1
P00644	K	130	A	0.09	1
P00644	K	130	E	0.10	1
P00644	K	130	F	-0.25	1
P00644	K	130	G	0.24	1
P00644	K	130	Q	-0.02	1
P00644	K	131	A	-0.25	1
P00644	K	131	F	0.20	1
P00644	K	131	G	-0.10	1
P00644	G	132	A	0.16	1
P00644	G	132	C	-0.75	1
P00644	G	132	F	-0.55	1
P00644	G	132	V	-1.00	1
P00644	V	133	A	-0.05	1
P00644	V	133	G	-0.17	1
P00644	V	133	I	0.09	1
P00644	V	133	L	-0.10	1
P00644	V	133	S	0.01	1
P00644	V	133	T	0.20	1
P00644	E	134	A	-0.05	1
P00644	E	134	F	-0.51	1
P00644	E	134	G	-0.27	1
P00644	K	135	A	-0.17	1
P00644	K	135	G	-0.08	1
P00644	Y	136	A	-1.97	1
P00644	Y	136	F	-0.38	1
P00644	Y	136	G	-1.72	1
P00644	Y	136	L	-3.31	1
P00644	G	137	A	-0.44	1
P00644	G	137	V	-1.48	1
P00644	E	139	A	-0.10	1
P00644	E	139	C	-0.64	1
P00644	E	139	F	-0.79	1
P00644	E	139	G	-1.41	1
P00644	E	139	K	0.01	1
P00644	E	139	Q	-0.14	1
P00644	A	140	G	-2.53	1
P00644	A	140	V	-2.63	1
P00644	S	141	A	0.62	1
P00644	S	141	F	0.56	1
P00644	S	141	G	-1.03	1
P00644	A	142	C	-1.12	1
P00644	A	142	F	-0.80	1
P00644	A	142	G	-1.45	1
P00644	A	142	V	-2.68	1
P00644	F	143	A	-2.34	1
P00644	F	143	G	-4.76	1
P00644	T	144	A	-2.23	1
P00644	T	144	C	-1.05	1
P00644	T	144	G	-3.52	1
P00644	T	144	I	-1.17	1
P00644	T	144	S	-2.15	1
P00644	T	144	V	0.10	1
P00644	K	145	A	-0.32	1
P00644	K	145	E	-1.47	1
P00644	K	145	F	-1.83	1
P00644	K	145	G	-1.57	1
P00644	K	145	Q	-0.89	1
P00644	K	146	A	0.16	1
P00644	K	146	E	-1.68	1
P00644	K	146	F	-0.09	1
P00644	K	146	G	-0.51	1
P00644	K	146	Q	0.00	1
P00644	M	147	A	-2.06	1
P00644	M	147	F	-1.62	1
P00644	M	147	G	-4.66	1
P00644	M	147	I	-1.43	1
P00644	M	147	L	-0.73	1
P00644	V	148	A	-2.34	1
P00644	V	148	G	-4.49	1
P00644	V	148	I	-0.76	1
P00644	V	148	K	-4.83	1
P00644	V	148	L	0.37	1
P00644	V	148	M	-0.14	1
P00644	V	148	S	-3.09	1
P00644	V	148	T	-1.34	1
P00644	V	148	W	-2.69	1
P00644	E	149	A	-1.05	1
P00644	E	149	F	-1.33	1
P00644	E	149	G	-1.00	1
P00644	E	149	Q	-0.57	1
P00644	N	150	A	-0.38	1
P00644	N	150	G	-0.35	1
P00644	A	151	G	-2.10	1
P00644	A	151	T	-3.03	1
P00644	A	151	V	-2.80	1
P00644	K	152	A	-0.16	1
P00644	K	152	C	-0.48	1
P00644	K	152	E	-0.30	1
P00644	K	152	F	-0.03	1
P00644	K	152	G	-0.60	1
P00644	K	152	Q	-0.25	1
P00644	K	152	W	-0.40	1
P00644	K	153	A	-0.55	1
P00644	K	153	F	0.04	1
P00644	K	153	G	-1.31	1
P00644	I	154	L	-0.23	1
P00644	I	154	M	-1.88	1
P00644	I	154	V	-1.79	1
P00644	E	155	A	-1.46	1
P00644	E	155	F	-0.88	1
P00644	E	155	G	-2.76	1
P00644	E	155	K	-2.06	1
P00644	E	155	Q	-0.64	1
P00644	V	156	A	-3.23	1
P00644	V	156	I	-1.91	1
P00644	V	156	L	-1.12	1
P00644	V	156	T	-3.88	1
P00644	E	157	A	-1.69	1
P00644	E	157	G	-3.43	1
P00644	E	157	K	-2.22	1
P00644	E	157	Q	-0.61	1
P00644	E	157	V	-2.31	1
P00644	F	158	A	-4.10	1
P00644	F	158	G	-4.73	1
P00644	D	159	A	-2.39	1
P00644	D	159	G	-1.81	1
P00644	D	159	K	-3.28	1
P00644	D	159	N	-2.69	1
P00644	K	160	A	-0.50	1
P00644	K	160	C	-0.26	1
P00644	K	160	E	-0.69	1
P00644	K	160	F	0.05	1
P00644	K	160	G	-1.07	1
P00644	K	160	Q	-0.15	1
P00644	G	161	A	-2.17	1
P00644	G	161	D	-2.28	1
P00644	G	161	S	-2.14	1
P00644	G	161	V	-2.23	1
P00644	Q	162	A	-0.02	1
P00644	Q	162	F	-0.58	1
P00644	Q	162	G	-1.25	1
P00644	R	163	A	-1.10	1
P00644	R	163	G	-2.06	1
P00644	T	164	A	-0.89	1
P00644	T	164	C	-0.19	1
P00644	T	164	G	-2.03	1
P00644	T	164	I	0.51	1
P00644	T	164	S	-0.75	1
P00644	T	164	V	0.24	1
P00644	D	165	A	-3.76	1
P00644	D	165	G	-2.64	1
P00644	K	166	A	0.10	1
P00644	K	166	E	0.00	1
P00644	K	166	F	-0.75	1
P00644	K	166	G	-0.39	1
P00644	K	166	Q	-0.15	1
P00644	Y	167	A	-0.41	1
P00644	Y	167	F	-0.07	1
P00644	Y	167	G	-1.05	1
P00644	Y	167	L	-0.15	1
P00644	G	168	A	-0.31	1
P00644	G	168	F	-1.99	1
P00644	G	168	V	-3.74	1
P00644	R	169	A	-0.79	1
P00644	R	169	G	-2.53	1
P00644	G	170	A	0.19	1
P00644	G	170	V	-0.24	1
P00644	G	170	W	-0.10	1
P00644	L	171	A	-2.60	1
P00644	L	171	F	-1.20	1
P00644	L	171	G	-3.18	1
P00644	L	171	I	-1.04	1
P00644	L	171	V	-1.42	1
P00644	A	172	G	-1.92	1
P00644	A	172	S	-2.24	1
P00644	A	172	V	0.04	1
P00644	Y	173	F	-2.27	1
P00644	Y	173	L	-3.83	1
P00644	I	174	A	-4.12	1
P00644	I	174	L	-0.60	1
P00644	I	174	M	-1.75	1
P00644	I	174	V	-0.46	1
P00644	Y	175	F	-1.81	1
P00644	Y	175	L	-4.53	1
P00644	A	176	G	-2.54	1
P00644	A	176	V	-1.13	1
P00644	D	177	A	-3.50	1
P00644	D	177	G	-2.93	1
P00644	G	178	A	-1.80	1
P00644	G	178	F	-2.55	1
P00644	G	178	V	-3.74	1
P00644	K	179	A	-0.22	1
P00644	K	179	E	-0.47	1
P00644	K	179	F	-0.58	1
P00644	K	179	G	-1.85	1
P00644	K	179	Q	-0.30	1
P00644	M	180	A	-4.43	1
P00644	M	180	G	-4.44	1
P00644	M	180	I	-4.39	1
P00644	M	180	L	-2.30	1
P00644	V	181	A	-3.35	1
P00644	V	181	I	-0.14	1
P00644	V	181	L	-0.15	1
P00644	V	181	T	-3.36	1
P00644	N	182	G	-4.98	1
P00644	E	183	A	-1.36	1
P00644	E	183	F	-2.74	1
P00644	E	183	G	-2.47	1
P00644	A	184	F	-1.71	1
P00644	A	184	G	-1.37	1
P00644	A	184	V	-1.84	1
P00644	L	185	A	-4.60	1
P00644	L	185	I	-1.11	1
P00644	L	185	V	-2.05	1
P00644	V	186	A	-2.82	1
P00644	V	186	I	0.27	1
P00644	V	186	L	-0.76	1
P00644	V	186	S	-4.86	1
P00644	V	186	T	-2.45	1
P00644	R	187	A	-1.32	1
P00644	R	187	C	-2.55	1
P00644	R	187	F	-2.84	1
P00644	R	187	G	-2.40	1
P00644	Q	188	A	0.25	1
P00644	Q	188	G	-1.50	1
P00644	G	189	A	-4.41	1
P00644	L	190	I	-3.34	1
P00644	L	190	V	-3.81	1
P00644	A	191	G	-0.98	1
P00644	A	191	V	-2.82	1
P00644	K	192	A	-1.13	1
P00644	K	192	G	-2.59	1
P00644	V	193	A	-4.26	1
P00644	V	193	G	-4.82	1
P00644	V	193	I	-0.74	1
P00644	V	193	L	-0.88	1
P00644	V	193	S	-4.71	1
P00644	V	193	T	-2.36	1
P00644	A	194	C	-0.75	1
P00644	A	194	F	-1.35	1
P00644	A	194	G	0.20	1
P00644	A	194	V	-1.19	1
P00644	Y	195	A	0.06	1
P00644	Y	195	F	0.07	1
P00644	Y	195	G	-0.20	1
P00644	Y	195	L	0.20	1
P00644	V	196	A	0.14	1
P00644	V	196	G	-0.03	1
P00644	V	196	I	-0.15	1
P00644	V	196	L	-1.07	1
P00644	V	196	S	-0.04	1
P00644	V	196	T	-0.31	1
P00644	Y	197	A	-0.25	1
P00644	Y	197	F	-0.02	1
P00644	Y	197	G	-0.56	1
P00644	Y	197	L	-0.22	1
P00644	K	198	A	0.69	1
P00644	K	198	F	0.21	1
P00644	K	198	G	1.05	1
P00644	N	200	A	-1.88	1
P00644	N	200	D	-2.34	1
P00644	N	200	G	-1.61	1
P00644	N	201	A	-1.03	1
P00644	N	201	G	-0.97	1
P00644	T	202	A	-1.08	1
P00644	T	202	C	-1.59	1
P00644	T	202	G	-1.87	1
P00644	T	202	I	-1.54	1
P00644	T	202	S	-0.57	1
P00644	T	202	V	-1.63	1
P00644	H	203	A	-2.92	1
P00644	H	203	G	-4.09	1
P00644	E	204	A	-0.27	1
P00644	E	204	F	-0.44	1
P00644	E	204	G	-1.99	1
P00644	E	204	K	-2.53	1
P00644	E	204	Q	-1.52	1
P00644	Q	205	A	-0.10	1
P00644	Q	205	F	-0.51	1
P00644	Q	205	G	-0.44	1
P00644	H	206	A	0.57	1
P00644	H	206	E	0.46	1
P00644	H	206	F	0.51	1
P00644	H	206	G	-0.52	1
P00644	H	206	L	1.31	1
P00644	H	206	Q	0.69	1
P00644	L	207	A	-4.78	1
P00644	L	207	I	-0.96	1
P00644	L	207	V	-2.30	1
P00644	R	208	A	-1.64	1
P00644	R	208	G	-2.86	1
P00644	K	209	A	0.24	1
P00644	K	209	E	0.13	1
P00644	K	209	F	-0.22	1
P00644	K	209	G	-0.79	1
P00644	K	209	Q	0.06	1
P00644	S	210	A	0.83	1
P00644	S	210	F	-1.00	1
P00644	S	210	G	-1.52	1
P00644	E	211	A	-2.20	1
P00644	E	211	F	-3.88	1
P00644	E	211	G	-3.72	1
P00644	A	212	G	-1.00	1
P00644	A	212	V	-1.08	1
P00644	Q	213	A	-0.10	1
P00644	Q	213	F	-0.55	1
P00644	Q	213	G	-2.26	1
P00644	A	214	G	-3.60	1
P00644	A	214	V	-4.73	1
P00644	K	215	A	-1.32	1
P00644	K	215	F	-1.26	1
P00644	K	215	G	-3.22	1
P00644	K	215	Q	-0.44	1
P00644	K	216	A	0.12	1
P00644	K	216	C	-0.70	1
P00644	K	216	F	-0.26	1
P00644	K	216	G	-0.79	1
P00644	E	217	A	-0.73	1
P00644	E	217	F	-1.10	1
P00644	E	217	G	-1.64	1
P00644	E	217	K	-1.17	1
P00644	E	217	Q	-0.71	1
P00644	K	218	A	-0.75	1
P00644	K	218	F	-0.97	1
P00644	K	218	G	-0.02	1
P00644	L	219	A	-2.18	1
P00644	L	219	G	-4.43	1
P00644	L	219	I	-0.76	1
P00644	L	219	V	-1.42	1
P00644	N	220	A	-0.97	1
P00644	N	220	G	0.59	1
P00644	I	221	A	-3.29	1
P00644	I	221	G	-4.22	1
P00644	I	221	L	-0.09	1
P00644	I	221	M	-0.39	1
P00644	I	221	V	-1.37	1
P00644	S	223	A	-0.27	1
P00644	S	223	G	-0.82	1
P60174	S	106	D	-0.65	1
P60174	Q	180	A	0.05	1
P60174	Q	180	D	0.75	1
P60174	K	194	A	0.50	1
P42773	F	37	H	-0.66	1
P42773	R	55	V	-0.15	1
P42773	F	71	N	0.46	1
P42773	F	82	Q	-0.37	1
P42773	F	92	N	-0.71	1
O74035	D	7	N	0.46	1
O74035	E	8	A	1.77	1
O74035	E	8	Q	-1.25	1
O74035	D	105	A	1.72	1
O74035	D	135	A	1.82	1
P00268	V	24	I	0.36	1
P00268	I	33	L	0.76	1
Q03026	D	35	A	-0.70	1
Q03026	W	40	F	-2.30	1
P00811	Y	166	F	-2.05	1
Q9REI6	N	235	K	0.81	1
Q9REI6	G	443	Q	0.62	1
P07740	A	81	H	-2.70	1
P07739	H	81	A	-2.10	1
P07739	H	82	A	-2.70	1
P04179	Y	58	F	4.75	1
P04179	I	82	T	-2.95	1
P04179	Q	167	N	1.04	1
P0CG63	K	315	A	-0.14	1
P0CG63	I	334	F	-3.32	1
P0CG63	I	334	L	-1.96	1
P0CG63	I	334	V	-1.58	1
P0CG63	E	338	D	-1.00	1
P0CG63	E	338	L	0.96	1
P0CG63	E	338	S	-0.60	1
P0CG63	I	340	F	-0.86	1
P0CG63	I	340	L	-1.32	1
P0CG63	I	340	V	-0.79	1
P09919	G	56	A	1.93	1
P09919	G	58	A	2.35	1
P09919	E	63	A	0.31	1
P09919	E	79	A	-0.32	1
P09919	L	83	E	-0.19	1
P09919	G	106	A	0.89	1
P09919	G	114	A	-0.76	1
P09919	G	120	A	-0.97	1
P09919	G	182	A	1.38	1
P09919	G	183	A	1.94	1
P07751	D	1011	G	0.82	1
P07751	F	1015	Y	0.44	1
P07751	K	1022	F	-0.92	1
P07751	K	1022	Y	-0.84	1
P0CG48	K	614	E	0.53	1
P0CG48	K	614	Q	0.26	1
P0CG48	E	626	D	-0.08	1
P0CG48	K	635	Q	-1.91	1
P0CG48	K	637	N	-1.48	1
P0CG48	K	637	Q	-1.67	1
P0CG48	R	650	E	1.63	1
P0CG48	F	653	W	0.46	1
P0CG48	H	676	E	0.77	1
P0CG48	H	676	Q	0.55	1
P0CG48	R	680	Q	-0.33	1
P69543	I	6	V	-0.35	1
P69543	F	13	T	-0.35	1
P69543	V	19	C	-0.15	1
P69543	V	19	T	-0.30	1
P69543	K	24	V	0.40	1
P69543	Y	26	R	-0.20	1
P69543	L	28	V	0.55	1
P69543	E	30	F	1.02	1
P69543	E	30	M	0.32	1
P69543	E	30	N	-0.55	1
P69543	L	32	H	-0.45	1
P69543	L	32	R	-0.80	1
P69543	L	32	W	1.40	1
P69543	L	32	Y	0.50	1
P69543	C	33	A	-0.25	1
P69543	C	33	I	-0.45	1
P69543	C	33	L	-1.30	1
P69543	C	33	M	-1.75	1
P69543	C	33	S	-2.12	1
P69543	C	33	T	-2.30	1
P69543	C	33	V	-0.10	1
P69543	V	35	A	-1.02	1
P69543	V	35	C	-0.55	1
P69543	V	35	F	-1.50	1
P69543	V	35	I	-0.32	1
P69543	V	35	L	-1.07	1
P69543	V	35	M	-0.53	1
P69543	V	35	T	-2.65	1
P69543	D	36	C	-1.02	1
P69543	D	36	N	-0.50	1
P69543	L	37	A	-3.85	1
P69543	L	37	C	-2.30	1
P69543	L	37	I	-0.70	1
P69543	L	37	T	-2.60	1
P69543	L	37	V	-1.75	1
P69543	E	40	C	-0.80	1
P69543	E	40	T	-0.20	1
P69543	Y	41	A	-0.20	1
P69543	Y	41	F	-0.30	1
P69543	V	43	C	-1.05	1
P69543	V	43	T	-0.80	1
P69543	V	45	A	-1.05	1
P69543	V	45	C	-0.05	1
P69543	V	45	L	-1.50	1
P69543	V	45	T	-1.75	1
P69543	I	47	A	-3.32	1
P69543	I	47	C	-2.33	1
P69543	I	47	F	-0.85	1
P69543	I	47	L	-0.28	1
P69543	I	47	M	-1.00	1
P69543	I	47	T	-3.70	1
P69543	I	47	V	-1.18	1
P69543	T	48	C	-0.40	1
P69543	T	48	V	0.00	1
P69543	L	49	A	-3.05	1
P69543	L	49	C	-2.05	1
P69543	L	49	I	-0.95	1
P69543	L	49	T	-2.85	1
P69543	L	49	V	-1.45	1
P69543	D	50	H	-0.77	1
P69543	T	62	C	-0.35	1
P69543	T	62	V	0.65	1
P69543	V	63	C	-2.05	1
P69543	V	63	T	-2.50	1
P69543	H	64	C	0.25	1
P69543	S	67	C	-1.85	1
P69543	S	67	T	-0.80	1
P69543	F	68	L	-2.12	1
P69543	F	68	V	-2.50	1
P69543	K	69	H	-0.62	1
P69543	K	69	M	0.08	1
P69543	V	70	C	-1.60	1
P69543	V	70	T	-1.75	1
P69543	F	73	W	0.40	1
P69543	M	77	A	-1.05	1
P69543	M	77	C	0.00	1
P69543	M	77	F	-0.10	1
P69543	M	77	I	0.80	1
P69543	M	77	L	-0.60	1
P69543	M	77	T	-0.40	1
P69543	M	77	V	0.60	1
P69543	I	78	C	-2.20	1
P69543	I	78	T	-3.30	1
P69543	I	78	V	-0.65	1
P69543	L	81	C	-1.85	1
P69543	L	81	T	-2.55	1
P69543	L	81	V	-0.10	1
P69543	R	82	C	-0.75	1
P69543	A	86	T	-0.35	1
P69543	A	86	V	0.25	1
P01308	S	33	D	0.06	1
P01308	H	34	D	0.76	1
P01308	H	34	E	1.11	1
P01308	H	34	T	0.03	1
P01308	F	49	D	0.48	1
P01308	F	49	H	0.75	1
P01308	Y	50	T	-0.22	1
P01308	K	53	G	-0.05	1
P69327	G	161	A	-0.31	1
P69327	G	163	A	-1.40	1
P69327	G	275	A	-0.14	1
P69327	G	407	A	0.11	1
P01006	V	44	A	-3.42	1
P01006	V	44	F	-2.78	1
P01006	V	44	G	-4.96	1
P01006	V	44	I	-0.44	1
P01006	V	44	L	-1.17	1
P01006	V	44	M	-2.86	1
P01006	M	104	A	0.21	1
P01006	M	104	D	0.69	1
P01006	M	104	E	0.37	1
P01006	M	104	G	-0.11	1
P01006	M	104	I	-0.50	1
P01006	M	104	K	0.23	1
P01006	M	104	L	-0.16	1
P01006	M	104	V	-0.35	1
P01006	M	134	A	-1.13	1
P01006	M	134	G	-3.46	1
P01006	M	134	I	-1.01	1
P01006	M	134	L	0.08	1
P01006	M	134	V	-0.93	1
P04925	M	128	V	-0.11	0
P04925	F	174	W	-0.05	0
P04925	V	179	I	-0.25	0
P04925	T	182	A	-4.04	0
P04925	T	189	V	0.19	0
P04925	F	197	S	-2.15	0
P04925	E	199	K	-0.23	0
P04925	R	207	H	-1.05	0
P04925	V	209	I	-0.07	0
P04925	Q	216	R	-1.88	0
P00807	D	170	N	-0.44	0
P02185	W	8	F	-0.90	0
P02185	W	15	F	-1.10	0
P02185	H	25	V	-0.52	0
P02185	I	29	A	-0.86	0
P02185	I	29	L	-0.60	0
P02185	I	29	M	-0.60	0
P02185	I	29	V	0.00	0
P02185	L	30	A	-0.63	0
P02185	L	30	I	-1.10	0
P02185	L	30	M	0.10	0
P02185	L	30	V	-1.70	0
P02185	I	31	A	-0.65	0
P02185	L	33	A	-0.92	0
P02185	H	37	Q	-0.83	0
P02185	H	49	Q	-0.62	0
P02185	L	50	I	-0.80	0
P02185	H	65	Q	-0.45	0
P02185	V	69	T	-0.60	0
P02185	L	70	A	-1.20	0
P02185	L	70	I	0.00	0
P02185	L	70	M	0.00	0
P02185	L	70	V	-0.10	0
P02185	H	83	Q	-0.05	0
P02185	H	94	G	0.04	0
P02185	I	112	A	-1.80	0
P02185	I	112	L	-0.60	0
P02185	I	112	M	-1.10	0
P02185	H	114	Q	-0.26	0
P02185	H	120	F	-0.68	0
P02185	F	124	K	-2.10	0
P02185	F	124	T	-2.62	0
P02185	A	131	K	-2.17	0
P02185	A	131	L	-0.99	0
P02185	M	132	A	-2.20	0
P02185	L	136	I	-1.50	0
P02185	L	136	M	-0.80	0
P02185	L	136	V	-2.20	0
P02185	I	143	A	-1.10	0
P02185	I	143	L	0.60	0
P02185	I	143	M	0.90	0
P02185	I	143	V	-0.10	0
P02751	L	1545	A	-1.81	0
P02751	V	1547	A	-1.17	0
P02751	A	1550	G	-1.18	0
P02751	L	1555	A	-0.99	0
P02751	I	1557	A	-0.65	0
P02751	I	1557	V	-0.18	0
P02751	W	1559	F	-1.97	0
P02751	V	1566	A	-1.37	0
P02751	Y	1569	A	-4.23	0
P02751	Y	1569	F	-0.54	0
P02751	Y	1569	L	-2.74	0
P02751	I	1571	A	-4.86	0
P02751	I	1571	V	-0.11	0
P02751	Y	1573	A	-1.49	0
P02751	F	1585	A	-1.98	0
P02751	V	1587	A	-2.85	0
P02751	A	1594	G	-2.49	0
P02751	I	1596	A	-3.33	0
P02751	I	1596	V	-0.72	0
P02751	L	1599	A	-2.88	0
P02751	V	1603	A	-0.91	0
P02751	Y	1605	A	-1.88	0
P02751	Y	1605	F	-2.14	0
P02751	I	1607	A	-4.11	0
P02751	I	1607	V	-1.28	0
P02751	V	1609	A	-3.17	0
P02751	A	1611	G	-1.56	0
P02751	S	1622	A	0.13	0
P02751	I	1625	A	-0.67	0
P02751	I	1625	V	-0.33	0
P02751	I	1627	A	-0.69	0
P02751	I	1627	V	-0.40	0
P02751	Y	1629	A	-1.11	0
P02751	Y	1629	F	0.13	0
P0AEG4	C	49	S	-1.79	0
P0AEG4	H	51	L	5.30	0
P0AEG4	H	51	S	5.20	0
P0AEG4	H	51	Y	6.80	0
P0AEG4	C	52	S	-1.15	0
P00593	F	44	A	0.25	0
P00593	F	44	I	1.43	0
P00593	F	44	Y	0.83	0
P00593	H	70	A	-1.93	0
P00593	H	70	N	-2.44	0
P00593	H	70	Q	-0.49	0
P00593	F	128	A	-1.23	0
P00593	F	128	I	0.95	0
P00593	F	128	Y	0.07	0
P0ACJ8	S	129	A	-0.26	0
P00711	H	51	A	-2.13	0
P00711	H	51	Y	0.07	0
P00711	V	61	A	-0.93	0
P00711	V	61	G	-1.15	0
P00711	V	61	N	-0.24	0
P00711	Q	73	A	-0.41	0
P00711	I	78	W	-0.93	0
P00711	Y	122	A	-2.39	0
P00711	W	123	Y	-2.44	0
P00711	A	125	S	-1.05	0
P00711	H	126	A	-0.79	0
P00711	H	126	W	-1.72	0
P00711	H	126	Y	-0.19	0
P00711	L	129	E	-0.19	0
P00711	L	129	H	1.39	0
P00711	L	129	R	0.43	0
P00711	K	133	E	-0.65	0
P00711	K	133	N	2.66	0
P00711	K	133	Q	-0.60	0
P00711	Q	136	A	-0.96	0
P00711	W	137	H	-0.60	0
P00711	W	137	Y	-1.17	0
P07320	M	44	A	-0.70	0
P07320	Q	55	A	0.50	0
P07320	F	57	A	-1.20	0
P07320	R	80	A	-2.30	0
P07320	I	82	A	-2.60	0
P07320	V	132	A	-3.80	0
P07320	Q	143	A	-0.40	0
P07320	L	145	A	-2.60	0
P07320	M	147	A	-1.10	0
P07320	V	170	A	1.30	0
P63159	S	121	H	-1.85	0
P63159	I	122	H	-0.95	0
P63159	G	123	H	-0.33	0
P00712	V	27	A	-0.83	0
P00712	L	31	A	-2.73	0
P00712	W	45	F	-2.11	0
P00712	V	46	A	-1.24	0
P00712	T	48	I	3.55	0
P00712	T	48	V	2.26	0
P00712	A	49	I	1.47	0
P00712	A	49	T	0.48	0
P00712	T	52	I	-0.64	0
P00712	T	57	A	-1.30	0
P00712	L	71	A	-3.22	0
P00712	I	74	V	-2.72	0
P00712	W	79	A	-2.01	0
P00712	W	79	F	-0.68	0
P00712	D	106	N	-1.14	0
P00712	I	108	V	-0.86	0
P00712	V	109	A	0.90	0
P00712	K	112	A	-1.72	0
P00712	I	114	V	-1.72	0
P00712	L	115	A	-1.75	0
P00712	Y	122	F	-2.13	0
P00712	W	123	F	-1.96	0
P00712	L	124	A	-0.28	0
P00712	L	129	A	-0.35	0
P00712	W	137	F	-0.31	0
P00173	D	65	R	0.14	0
P61626	K	19	A	-0.60	0
P61626	K	19	M	-0.12	0
P61626	V	20	A	-1.51	0
P61626	V	20	D	-1.44	0
P61626	V	20	F	-0.86	0
P61626	V	20	G	-2.30	0
P61626	V	20	I	1.10	0
P61626	V	20	L	-0.05	0
P61626	V	20	M	-0.31	0
P61626	V	20	N	-1.34	0
P61626	V	20	R	-0.38	0
P61626	V	20	S	-1.41	0
P61626	V	20	Y	-0.36	0
P61626	E	25	Q	-0.94	0
P61626	L	26	T	-3.73	0
P61626	A	27	S	-0.02	0
P61626	G	34	A	-1.39	0
P61626	D	36	N	-1.28	0
P61626	G	37	A	-1.77	0
P61626	Y	38	F	-0.50	0
P61626	R	39	A	1.32	0
P61626	R	39	G	1.15	0
P61626	G	40	A	-1.79	0
P61626	I	41	A	-2.54	0
P61626	I	41	V	-0.36	0
P61626	A	50	L	-0.10	0
P61626	A	50	S	-0.33	0
P61626	E	53	L	-0.53	0
P61626	G	55	A	-0.29	0
P61626	G	55	Q	-0.40	0
P61626	Y	56	A	-2.49	0
P61626	Y	56	F	-0.19	0
P61626	Y	56	G	-2.32	0
P61626	Y	63	F	0.07	0
P61626	G	66	A	0.45	0
P61626	D	67	N	-0.65	0
P61626	R	68	A	0.43	0
P61626	R	68	G	0.32	0
P61626	Y	72	F	-0.96	0
P61626	I	74	A	-3.71	0
P61626	I	74	F	-4.09	0
P61626	I	74	L	-0.10	0
P61626	I	74	M	-1.77	0
P61626	I	74	T	-4.31	0
P61626	I	74	V	-1.20	0
P61626	Q	76	A	0.91	0
P61626	Q	76	G	1.91	0
P61626	I	77	A	-1.72	0
P61626	I	77	F	-0.81	0
P61626	I	77	G	-3.83	0
P61626	I	77	L	0.00	0
P61626	I	77	M	-1.29	0
P61626	I	77	S	-3.59	0
P61626	I	77	T	-2.22	0
P61626	I	77	V	-1.10	0
P61626	I	77	Y	-3.78	0
P61626	Y	81	F	-0.24	0
P61626	D	85	H	-3.73	0
P61626	D	85	N	-1.39	0
P61626	G	86	A	-0.12	0
P61626	G	90	A	-0.36	0
P61626	V	92	A	-0.36	0
P61626	V	92	D	-0.43	0
P61626	V	92	F	-0.29	0
P61626	V	92	G	-0.22	0
P61626	V	92	I	0.45	0
P61626	V	92	L	0.19	0
P61626	V	92	M	0.65	0
P61626	V	92	N	-0.33	0
P61626	V	92	R	-0.07	0
P61626	V	92	S	-0.38	0
P61626	V	92	Y	-0.24	0
P61626	C	95	A	-4.60	0
P61626	H	96	A	-0.14	0
P61626	H	96	G	-0.21	0
P61626	I	107	A	-2.70	0
P61626	I	107	V	-0.48	0
P61626	A	110	S	0.81	0
P61626	V	111	A	-0.74	0
P61626	V	111	T	-0.67	0
P61626	A	114	M	0.02	0
P61626	A	114	S	-1.00	0
P61626	V	117	A	-0.98	0
P61626	V	117	T	-0.50	0
P61626	V	118	A	-0.26	0
P61626	V	118	F	-1.65	0
P61626	V	118	T	-0.29	0
P61626	D	120	N	-0.15	0
P61626	G	123	A	-0.62	0
P61626	I	124	A	-0.93	0
P61626	I	124	V	-0.72	0
P61626	V	128	A	0.53	0
P61626	V	128	D	0.17	0
P61626	V	128	F	-0.05	0
P61626	V	128	G	0.48	0
P61626	V	128	I	0.86	0
P61626	V	128	L	0.07	0
P61626	V	128	M	0.53	0
P61626	V	128	N	0.07	0
P61626	V	128	R	0.89	0
P61626	V	128	Y	-0.14	0
P61626	N	136	A	0.19	0
P61626	N	136	G	0.05	0
P61626	D	138	N	-0.17	0
P61626	V	139	A	-1.44	0
P61626	Y	142	F	-0.36	0
P61626	V	143	A	-1.32	0
P61626	G	145	A	-0.55	0
P61626	G	147	A	0.14	0
P61626	V	148	A	-0.84	0
P09012	Y	13	F	-0.70	0
P09012	Y	13	T	-1.30	0
P09012	Y	31	F	0.00	0
P09012	Y	31	S	-2.30	0
P09012	Y	78	F	0.00	0
P09012	Y	86	F	-2.60	0
P09012	Y	86	T	-2.90	0
P00592	H	70	K	-2.12	0
P00592	H	70	N	-1.69	0
P00592	H	70	Q	-0.64	0
P23370	V	6	A	-2.93	0
P23370	I	8	A	-3.56	0
P23370	L	21	A	-0.16	0
P23370	E	22	Q	-1.12	0
P23370	I	26	A	-2.84	0
P23370	Y	33	A	0.41	0
P23370	A	35	G	-0.77	0
P23370	V	37	A	-2.55	0
P23370	L	48	A	-0.21	0
P23370	I	52	A	-0.36	0
P23370	F	60	A	-0.81	0
P23370	V	65	A	-2.89	0
P23370	L	75	A	-1.35	0
P23370	L	79	A	-3.91	0
P23370	V	85	A	-3.02	0
P23370	V	88	A	-1.68	0
P61823	A	30	S	-0.45	0
P61823	A	31	S	-0.27	0
P61823	F	72	L	-3.21	0
P61823	F	72	V	-4.55	0
P61823	V	73	A	-3.80	0
P61823	V	80	A	-2.58	0
P61823	V	80	G	-4.87	0
P61823	V	80	I	-1.95	0
P61823	V	80	L	-1.09	0
P61823	V	83	A	-2.85	0
P61823	V	83	I	-1.30	0
P61823	V	83	L	-2.37	0
P61823	V	89	A	-2.03	0
P61823	V	89	G	-3.50	0
P61823	A	90	G	-0.44	0
P61823	I	107	A	-2.99	0
P61823	I	107	G	-4.81	0
P61823	I	107	V	-0.43	0
P61823	Y	123	F	-3.54	0
P61823	I	132	A	-4.38	0
P61823	I	132	L	-1.79	0
P61823	I	132	V	-0.80	0
P61823	I	133	A	-2.85	0
P61823	I	133	L	-2.20	0
P61823	I	133	V	-0.08	0
P61823	V	134	A	-4.20	0
P61823	V	134	I	-0.44	0
P61823	V	134	L	-0.70	0
P61823	A	135	G	-0.43	0
P61823	V	142	A	-0.67	0
P61823	V	142	G	-1.18	0
P61823	V	144	A	-1.92	0
P61823	V	144	G	-2.78	0
P61823	H	145	A	0.35	0
P61823	D	147	A	-1.95	0
P61823	D	147	N	-1.71	0
P61823	S	149	A	0.69	0
P62593	C	75	S	-3.36	0
P62593	W	286	F	-0.83	0
P00952	I	52	L	0.10	0
P00952	L	105	V	-3.15	0
P00805	T	34	A	0.00	0
P00805	T	34	S	-0.24	0
P00805	T	141	A	0.00	0
P00805	S	144	A	0.96	0
P0AEX9	V	34	G	0.38	0
P0AEX9	W	36	A	-4.31	0
P0AEX9	G	45	C	-2.15	0
P0AEX9	D	81	N	0.69	0
P0AEX9	A	302	G	-1.10	0
P0AEX9	Y	309	D	-2.30	0
P0AEX9	T	371	I	0.17	0
P00560	Y	49	W	-1.62	0
P00560	Y	123	W	-2.19	0
P00560	F	195	W	-1.12	0
P00560	W	309	F	-2.46	0
P00560	W	309	Y	-1.06	0
P00560	W	334	F	-1.88	0
P00560	W	334	Y	-1.13	0
P00560	H	389	Q	-0.84	0
P00560	L	400	W	-2.56	0
P00698	F	21	Y	-0.45	0
P00698	M	30	F	0.28	0
P00698	M	30	L	-0.57	0
P00698	H	33	L	0.76	0
P00698	N	37	K	-1.06	0
P00698	R	39	Q	-0.15	0
P00698	A	49	I	1.40	0
P00698	A	49	L	1.80	0
P00698	A	49	V	1.20	0
P00698	F	52	Y	0.19	0
P00698	E	53	A	1.24	0
P00698	E	53	H	-2.45	0
P00698	E	53	Q	-0.64	0
P00698	T	58	I	-2.20	0
P00698	T	58	S	-0.27	0
P00698	N	64	D	-0.44	0
P00698	G	67	A	-1.91	0
P00698	G	67	N	-0.96	0
P00698	I	73	A	-4.40	0
P00698	I	73	F	-2.46	0
P00698	I	73	L	-0.45	0
P00698	I	73	M	-2.27	0
P00698	I	73	T	-4.12	0
P00698	I	73	V	-0.91	0
P00698	I	76	M	-1.18	0
P00698	G	85	A	-1.19	0
P00698	R	86	K	-0.04	0
P00698	G	89	A	-0.38	0
P00698	R	91	K	0.23	0
P00698	N	95	H	-0.38	0
P00698	I	96	M	-0.90	0
P00698	S	109	A	-0.15	0
P00698	S	109	D	-2.31	0
P00698	S	109	T	0.99	0
P00698	S	109	V	-0.08	0
P00698	S	109	Y	-3.07	0
P00698	C	112	A	-4.78	0
P00698	I	116	M	-0.90	0
P00698	D	119	A	0.76	0
P00698	D	119	E	0.00	0
P00698	D	119	F	0.72	0
P00698	D	119	G	0.45	0
P00698	D	119	K	0.19	0
P00698	D	119	N	0.04	0
P00698	D	119	Q	-0.08	0
P00698	D	119	R	0.27	0
P00698	D	119	S	0.87	0
P00698	G	120	A	0.02	0
P00698	G	120	R	0.38	0
P00698	G	120	V	-0.04	0
P00698	N	121	D	0.24	0
P00698	M	123	T	-0.24	0
P00698	W	126	Q	-3.95	0
P00698	W	126	Y	-1.92	0
P00698	R	132	H	0.68	0
P00698	G	135	A	-1.46	0
P00698	Q	139	H	-0.45	0
2a01A	L	141	R	-0.65	0
